operation,label
23 + 47 = 67,subtraction_error
41 + 5 = 47,addition_error
54 + 22 = 72,subtraction_error
6 + 91 = 97,correct
25 + 81 = 113,addition_error
86 + 44 = 123,subtraction_error
1 + 49 = 58,addition_error
38 + 45 = 87,addition_error
74 + 40 = 115,addition_error
19 + 71 = 88,subtraction_error
53 + 36 = 89,correct
48 + 84 = 139,addition_error
9 + 4 = 15,addition_error
71 + 91 = 160,subtraction_error
13 + 38 = 48,subtraction_error
30 + 49 = 79,correct
86 + 44 = 130,correct
20 + 32 = 52,correct
24 + 67 = 91,correct
41 + 21 = 65,addition_error
29 + 10 = 47,addition_error
54 + 68 = 127,addition_error
44 + 99 = 143,correct
6 + 28 = 37,addition_error
85 + 94 = 173,subtraction_error
5 + 31 = 40,addition_error
29 + 75 = 99,subtraction_error
4 + 74 = 78,correct
4 + 33 = 47,addition_error
47 + 60 = 104,subtraction_error
49 + 87 = 136,correct
62 + 60 = 121,subtraction_error
73 + 58 = 124,subtraction_error
55 + 2 = 58,addition_error
90 + 43 = 125,subtraction_error
36 + 30 = 70,addition_error
10 + 92 = 92,subtraction_error
24 + 88 = 110,subtraction_error
15 + 52 = 67,correct
16 + 51 = 66,subtraction_error
69 + 27 = 96,correct
77 + 75 = 152,correct
60 + 89 = 148,subtraction_error
64 + 95 = 164,addition_error
77 + 26 = 99,subtraction_error
59 + 63 = 132,addition_error
22 + 64 = 86,correct
51 + 42 = 97,addition_error
23 + 77 = 100,correct
60 + 54 = 104,subtraction_error
48 + 77 = 135,addition_error
13 + 61 = 74,correct
57 + 23 = 85,addition_error
89 + 97 = 186,correct
84 + 6 = 94,addition_error
53 + 37 = 81,subtraction_error
89 + 34 = 119,subtraction_error
64 + 55 = 119,correct
30 + 60 = 87,subtraction_error
45 + 83 = 128,correct
51 + 81 = 128,subtraction_error
53 + 15 = 68,correct
55 + 22 = 75,subtraction_error
74 + 20 = 104,addition_error
84 + 35 = 124,addition_error
59 + 89 = 157,addition_error
56 + 27 = 83,correct
44 + 29 = 68,subtraction_error
45 + 96 = 147,addition_error
53 + 36 = 95,addition_error
23 + 69 = 92,correct
5 + 56 = 61,correct
12 + 5 = 17,correct
59 + 52 = 105,subtraction_error
6 + 28 = 33,subtraction_error
95 + 72 = 174,addition_error
80 + 26 = 96,subtraction_error
34 + 95 = 122,subtraction_error
73 + 41 = 114,correct
33 + 96 = 128,subtraction_error
43 + 64 = 107,correct
14 + 41 = 50,subtraction_error
10 + 98 = 108,correct
34 + 39 = 75,addition_error
99 + 67 = 171,addition_error
47 + 78 = 121,subtraction_error
76 + 87 = 162,subtraction_error
46 + 45 = 91,correct
16 + 51 = 67,correct
72 + 5 = 76,subtraction_error
9 + 30 = 39,correct
92 + 93 = 177,subtraction_error
8 + 74 = 77,subtraction_error
79 + 57 = 136,correct
44 + 59 = 104,addition_error
37 + 46 = 84,addition_error
68 + 29 = 91,subtraction_error
67 + 68 = 133,subtraction_error
1 + 79 = 80,correct
58 + 54 = 112,correct
64 + 74 = 138,correct
86 + 81 = 167,correct
38 + 95 = 131,subtraction_error
68 + 11 = 79,correct
13 + 61 = 81,addition_error
21 + 32 = 48,subtraction_error
25 + 81 = 106,correct
93 + 20 = 113,correct
22 + 27 = 57,addition_error
49 + 20 = 69,correct
94 + 78 = 173,addition_error
84 + 4 = 88,correct
1 + 20 = 20,subtraction_error
44 + 68 = 112,correct
56 + 57 = 113,correct
50 + 10 = 60,correct
42 + 16 = 58,correct
42 + 28 = 65,subtraction_error
18 + 62 = 90,addition_error
91 + 48 = 133,subtraction_error
53 + 2 = 55,correct
42 + 28 = 70,correct
69 + 18 = 86,subtraction_error
28 + 84 = 107,subtraction_error
98 + 63 = 156,subtraction_error
50 + 54 = 104,correct
13 + 30 = 49,addition_error
46 + 79 = 118,subtraction_error
83 + 2 = 80,subtraction_error
66 + 89 = 155,correct
74 + 97 = 164,subtraction_error
43 + 14 = 56,subtraction_error
15 + 10 = 18,subtraction_error
8 + 60 = 68,correct
48 + 43 = 91,correct
80 + 63 = 143,correct
42 + 9 = 51,correct
83 + 2 = 95,addition_error
3 + 64 = 64,subtraction_error
59 + 52 = 111,correct
60 + 54 = 114,correct
81 + 19 = 100,correct
70 + 45 = 111,subtraction_error
79 + 29 = 108,correct
79 + 64 = 143,correct
98 + 47 = 149,addition_error
17 + 85 = 106,addition_error
67 + 4 = 78,addition_error
42 + 69 = 117,addition_error
3 + 78 = 77,subtraction_error
27 + 89 = 107,subtraction_error
67 + 10 = 84,addition_error
73 + 58 = 135,addition_error
67 + 94 = 153,subtraction_error
54 + 50 = 98,subtraction_error
23 + 4 = 31,addition_error
11 + 20 = 31,correct
16 + 34 = 46,subtraction_error
86 + 66 = 145,subtraction_error
29 + 83 = 111,subtraction_error
50 + 29 = 87,addition_error
56 + 21 = 74,subtraction_error
57 + 22 = 80,addition_error
94 + 69 = 159,subtraction_error
93 + 4 = 87,subtraction_error
77 + 25 = 104,addition_error
62 + 60 = 122,correct
27 + 17 = 40,subtraction_error
61 + 71 = 127,subtraction_error
19 + 7 = 26,correct
16 + 17 = 40,addition_error
8 + 99 = 107,correct
74 + 58 = 137,addition_error
21 + 6 = 21,subtraction_error
43 + 96 = 131,subtraction_error
53 + 80 = 133,correct
37 + 63 = 109,addition_error
35 + 3 = 38,correct
10 + 92 = 102,correct
25 + 44 = 76,addition_error
6 + 91 = 89,subtraction_error
8 + 41 = 49,correct
24 + 26 = 51,addition_error
16 + 37 = 57,addition_error
5 + 48 = 62,addition_error
98 + 12 = 108,subtraction_error
48 + 99 = 151,addition_error
12 + 69 = 78,subtraction_error
8 + 36 = 44,correct
7 + 40 = 47,correct
85 + 13 = 103,addition_error
2 + 5 = 14,addition_error
82 + 17 = 91,subtraction_error
85 + 57 = 133,subtraction_error
62 + 86 = 138,subtraction_error
34 + 77 = 101,subtraction_error
31 + 54 = 79,subtraction_error
95 + 11 = 104,subtraction_error
53 + 75 = 138,addition_error
3 + 87 = 90,correct
82 + 72 = 163,addition_error
19 + 78 = 92,subtraction_error
10 + 57 = 64,subtraction_error
11 + 61 = 82,addition_error
59 + 63 = 120,subtraction_error
4 + 33 = 36,subtraction_error
37 + 61 = 98,correct
44 + 53 = 97,correct
88 + 75 = 157,subtraction_error
55 + 4 = 59,correct
42 + 9 = 60,addition_error
50 + 50 = 100,correct
29 + 8 = 28,subtraction_error
11 + 59 = 76,addition_error
3 + 75 = 86,addition_error
36 + 70 = 103,subtraction_error
97 + 6 = 103,correct
69 + 9 = 75,subtraction_error
40 + 63 = 103,correct
89 + 30 = 114,subtraction_error
67 + 54 = 128,addition_error
27 + 48 = 75,correct
66 + 89 = 146,subtraction_error
7 + 33 = 47,addition_error
86 + 17 = 93,subtraction_error
29 + 20 = 49,correct
95 + 10 = 95,subtraction_error
83 + 87 = 165,subtraction_error
20 + 27 = 47,correct
95 + 10 = 105,correct
47 + 24 = 66,subtraction_error
94 + 37 = 129,subtraction_error
7 + 12 = 11,subtraction_error
9 + 58 = 67,correct
50 + 52 = 106,addition_error
47 + 26 = 72,subtraction_error
21 + 66 = 87,correct
32 + 19 = 41,subtraction_error
90 + 43 = 133,correct
94 + 51 = 148,addition_error
88 + 6 = 94,correct
15 + 80 = 93,subtraction_error
10 + 94 = 97,subtraction_error
55 + 6 = 60,subtraction_error
91 + 56 = 147,correct
34 + 77 = 111,correct
23 + 37 = 60,correct
91 + 90 = 185,addition_error
78 + 52 = 128,subtraction_error
18 + 74 = 92,correct
8 + 86 = 92,subtraction_error
72 + 33 = 100,subtraction_error
87 + 2 = 91,addition_error
93 + 60 = 162,addition_error
17 + 85 = 102,correct
40 + 61 = 101,correct
58 + 99 = 156,subtraction_error
97 + 25 = 132,addition_error
70 + 72 = 134,subtraction_error
51 + 48 = 108,addition_error
78 + 49 = 119,subtraction_error
37 + 29 = 66,correct
38 + 74 = 112,correct
79 + 64 = 145,addition_error
73 + 43 = 118,addition_error
25 + 10 = 36,addition_error
53 + 37 = 100,addition_error
8 + 88 = 94,subtraction_error
35 + 72 = 113,addition_error
28 + 38 = 62,subtraction_error
62 + 97 = 152,subtraction_error
15 + 15 = 30,correct
28 + 84 = 114,addition_error
67 + 33 = 110,addition_error
84 + 4 = 87,subtraction_error
31 + 13 = 44,correct
83 + 14 = 97,correct
91 + 35 = 123,subtraction_error
5 + 63 = 68,correct
94 + 59 = 151,subtraction_error
27 + 50 = 85,addition_error
63 + 13 = 76,correct
47 + 89 = 132,subtraction_error
29 + 6 = 30,subtraction_error
47 + 83 = 130,correct
73 + 72 = 140,subtraction_error
98 + 12 = 106,subtraction_error
67 + 68 = 135,correct
60 + 66 = 134,addition_error
27 + 42 = 74,addition_error
86 + 36 = 127,addition_error
45 + 59 = 114,addition_error
63 + 5 = 68,correct
51 + 81 = 134,addition_error
90 + 30 = 120,correct
42 + 81 = 115,subtraction_error
93 + 43 = 139,addition_error
76 + 80 = 162,addition_error
13 + 46 = 49,subtraction_error
92 + 77 = 172,addition_error
34 + 25 = 58,subtraction_error
85 + 75 = 157,subtraction_error
30 + 8 = 44,addition_error
45 + 75 = 125,addition_error
36 + 44 = 70,subtraction_error
4 + 98 = 111,addition_error
29 + 30 = 69,addition_error
24 + 45 = 60,subtraction_error
11 + 59 = 69,subtraction_error
81 + 6 = 89,addition_error
38 + 17 = 55,correct
97 + 6 = 100,subtraction_error
15 + 62 = 69,subtraction_error
27 + 17 = 44,correct
27 + 44 = 73,addition_error
34 + 38 = 79,addition_error
67 + 25 = 92,correct
17 + 70 = 87,correct
71 + 54 = 134,addition_error
98 + 29 = 119,subtraction_error
52 + 45 = 97,correct
70 + 79 = 140,subtraction_error
96 + 3 = 99,correct
6 + 28 = 34,correct
13 + 61 = 74,correct
10 + 39 = 55,addition_error
85 + 94 = 179,correct
76 + 78 = 161,addition_error
68 + 97 = 162,subtraction_error
4 + 19 = 14,subtraction_error
50 + 15 = 65,correct
4 + 39 = 38,subtraction_error
85 + 2 = 89,addition_error
29 + 8 = 37,correct
69 + 56 = 127,addition_error
80 + 42 = 122,correct
54 + 50 = 108,addition_error
65 + 70 = 143,addition_error
58 + 81 = 144,addition_error
13 + 13 = 25,subtraction_error
41 + 60 = 97,subtraction_error
29 + 6 = 32,subtraction_error
15 + 15 = 36,addition_error
29 + 10 = 35,subtraction_error
88 + 18 = 102,subtraction_error
17 + 70 = 94,addition_error
22 + 27 = 49,correct
27 + 44 = 61,subtraction_error
42 + 93 = 135,correct
16 + 48 = 64,correct
63 + 73 = 138,addition_error
26 + 46 = 73,addition_error
68 + 11 = 85,addition_error
63 + 86 = 150,addition_error
62 + 40 = 102,correct
38 + 49 = 87,correct
89 + 86 = 175,correct
43 + 27 = 70,correct
75 + 44 = 128,addition_error
5 + 63 = 65,subtraction_error
58 + 1 = 54,subtraction_error
63 + 87 = 150,correct
84 + 2 = 78,subtraction_error
67 + 75 = 142,correct
24 + 45 = 78,addition_error
16 + 16 = 39,addition_error
41 + 79 = 124,addition_error
25 + 10 = 32,subtraction_error
75 + 86 = 161,correct
74 + 58 = 132,correct
34 + 35 = 69,correct
74 + 96 = 176,addition_error
75 + 65 = 150,addition_error
12 + 26 = 46,addition_error
41 + 72 = 113,correct
88 + 23 = 105,subtraction_error
58 + 48 = 109,addition_error
94 + 37 = 131,correct
47 + 60 = 115,addition_error
62 + 37 = 99,correct
2 + 86 = 88,correct
47 + 89 = 138,addition_error
90 + 30 = 113,subtraction_error
80 + 92 = 179,addition_error
25 + 93 = 118,correct
72 + 69 = 135,subtraction_error
94 + 94 = 188,correct
14 + 31 = 45,correct
25 + 34 = 53,subtraction_error
44 + 99 = 145,addition_error
93 + 49 = 139,subtraction_error
79 + 57 = 131,subtraction_error
55 + 30 = 80,subtraction_error
40 + 11 = 41,subtraction_error
28 + 38 = 70,addition_error
76 + 80 = 156,correct
85 + 23 = 116,addition_error
39 + 88 = 124,subtraction_error
5 + 48 = 48,subtraction_error
39 + 83 = 122,correct
69 + 9 = 80,addition_error
3 + 28 = 41,addition_error
71 + 54 = 122,subtraction_error
61 + 71 = 139,addition_error
41 + 38 = 79,correct
94 + 53 = 145,subtraction_error
28 + 84 = 112,correct
58 + 99 = 157,correct
15 + 52 = 74,addition_error
60 + 8 = 71,addition_error
38 + 66 = 104,correct
89 + 3 = 85,subtraction_error
55 + 26 = 75,subtraction_error
65 + 55 = 125,addition_error
99 + 82 = 181,correct
41 + 38 = 74,subtraction_error
33 + 73 = 106,correct
58 + 59 = 117,correct
54 + 22 = 76,correct
13 + 34 = 46,subtraction_error
20 + 32 = 60,addition_error
70 + 99 = 169,correct
60 + 14 = 74,correct
23 + 47 = 74,addition_error
54 + 40 = 98,addition_error
54 + 71 = 125,correct
98 + 47 = 145,correct
4 + 73 = 74,subtraction_error
13 + 46 = 59,correct
20 + 98 = 116,subtraction_error
49 + 4 = 61,addition_error
69 + 75 = 154,addition_error
91 + 27 = 110,subtraction_error
15 + 62 = 77,correct
64 + 52 = 116,correct
76 + 5 = 81,correct
77 + 26 = 102,subtraction_error
37 + 25 = 52,subtraction_error
45 + 83 = 127,subtraction_error
50 + 31 = 78,subtraction_error
45 + 36 = 81,correct
53 + 8 = 51,subtraction_error
65 + 73 = 138,correct
64 + 39 = 103,correct
51 + 54 = 107,addition_error
95 + 44 = 144,addition_error
16 + 35 = 58,addition_error
46 + 38 = 84,correct
68 + 96 = 158,subtraction_error
21 + 93 = 123,addition_error
44 + 48 = 87,subtraction_error
25 + 10 = 30,subtraction_error
33 + 17 = 41,subtraction_error
2 + 56 = 58,correct
47 + 26 = 73,correct
8 + 23 = 31,correct
70 + 45 = 125,addition_error
15 + 54 = 63,subtraction_error
57 + 82 = 134,subtraction_error
98 + 2 = 100,correct
53 + 15 = 77,addition_error
93 + 32 = 127,addition_error
56 + 26 = 82,correct
89 + 11 = 100,correct
67 + 35 = 102,correct
3 + 64 = 67,correct
21 + 88 = 109,correct
4 + 60 = 74,addition_error
80 + 26 = 114,addition_error
90 + 94 = 188,addition_error
48 + 84 = 124,subtraction_error
50 + 18 = 68,correct
71 + 67 = 145,addition_error
4 + 2 = 15,addition_error
85 + 2 = 80,subtraction_error
56 + 21 = 77,correct
64 + 2 = 66,correct
7 + 68 = 75,correct
21 + 32 = 53,correct
21 + 93 = 111,subtraction_error
6 + 8 = 10,subtraction_error
89 + 32 = 122,addition_error
89 + 35 = 115,subtraction_error
67 + 4 = 71,correct
6 + 39 = 46,addition_error
16 + 6 = 29,addition_error
34 + 39 = 73,correct
98 + 12 = 114,addition_error
51 + 91 = 148,addition_error
41 + 99 = 140,correct
63 + 73 = 133,subtraction_error
21 + 57 = 78,correct
55 + 68 = 123,correct
35 + 3 = 42,addition_error
7 + 65 = 64,subtraction_error
27 + 44 = 71,correct
53 + 69 = 126,addition_error
55 + 32 = 85,subtraction_error
37 + 83 = 114,subtraction_error
14 + 86 = 100,correct
62 + 58 = 116,subtraction_error
46 + 80 = 133,addition_error
45 + 83 = 124,subtraction_error
47 + 89 = 134,subtraction_error
59 + 34 = 93,correct
44 + 1 = 36,subtraction_error
74 + 98 = 167,subtraction_error
34 + 14 = 48,correct
54 + 35 = 94,addition_error
29 + 54 = 83,correct
8 + 50 = 55,subtraction_error
46 + 52 = 98,correct
49 + 91 = 135,subtraction_error
64 + 5 = 61,subtraction_error
21 + 34 = 55,correct
63 + 86 = 149,correct
88 + 64 = 161,addition_error
91 + 86 = 177,correct
36 + 62 = 104,addition_error
13 + 30 = 43,correct
81 + 59 = 130,subtraction_error
64 + 46 = 110,correct
91 + 2 = 90,subtraction_error
95 + 11 = 116,addition_error
90 + 38 = 120,subtraction_error
86 + 63 = 149,correct
65 + 38 = 103,correct
10 + 51 = 62,addition_error
3 + 41 = 44,correct
69 + 11 = 78,subtraction_error
16 + 6 = 16,subtraction_error
3 + 56 = 49,subtraction_error
30 + 70 = 100,correct
50 + 54 = 111,addition_error
50 + 3 = 53,correct
98 + 58 = 156,correct
9 + 30 = 32,subtraction_error
63 + 81 = 137,subtraction_error
69 + 32 = 92,subtraction_error
35 + 72 = 99,subtraction_error
90 + 38 = 129,addition_error
59 + 89 = 140,subtraction_error
38 + 90 = 125,subtraction_error
15 + 10 = 34,addition_error
49 + 60 = 109,correct
11 + 3 = 15,addition_error
85 + 45 = 133,addition_error
90 + 11 = 101,correct
98 + 63 = 169,addition_error
6 + 39 = 38,subtraction_error
66 + 39 = 111,addition_error
79 + 29 = 101,subtraction_error
7 + 33 = 35,subtraction_error
7 + 44 = 46,subtraction_error
90 + 13 = 103,correct
36 + 47 = 83,correct
16 + 72 = 79,subtraction_error
49 + 3 = 60,addition_error
15 + 99 = 114,correct
70 + 3 = 64,subtraction_error
16 + 17 = 33,correct
67 + 54 = 121,correct
78 + 9 = 87,correct
70 + 28 = 99,addition_error
48 + 43 = 83,subtraction_error
48 + 51 = 94,subtraction_error
29 + 6 = 35,correct
65 + 73 = 130,subtraction_error
98 + 2 = 97,subtraction_error
89 + 34 = 124,addition_error
41 + 52 = 98,addition_error
26 + 46 = 72,correct
32 + 60 = 92,correct
42 + 9 = 51,correct
94 + 40 = 132,subtraction_error
46 + 68 = 107,subtraction_error
47 + 60 = 107,correct
13 + 2 = 14,subtraction_error
42 + 69 = 111,correct
82 + 17 = 104,addition_error
68 + 49 = 125,addition_error
75 + 54 = 133,addition_error
67 + 33 = 100,correct
56 + 57 = 106,subtraction_error
43 + 96 = 139,correct
18 + 74 = 97,addition_error
67 + 75 = 147,addition_error
7 + 60 = 64,subtraction_error
44 + 48 = 99,addition_error
86 + 17 = 103,correct
87 + 53 = 136,subtraction_error
29 + 57 = 85,subtraction_error
8 + 26 = 25,subtraction_error
38 + 45 = 83,correct
89 + 98 = 188,addition_error
62 + 86 = 148,correct
48 + 29 = 75,subtraction_error
48 + 2 = 52,addition_error
91 + 96 = 179,subtraction_error
85 + 9 = 89,subtraction_error
13 + 2 = 19,addition_error
37 + 40 = 70,subtraction_error
96 + 63 = 159,correct
58 + 1 = 59,correct
18 + 79 = 97,correct
65 + 70 = 135,correct
91 + 35 = 126,correct
10 + 98 = 104,subtraction_error
45 + 7 = 52,correct
81 + 31 = 109,subtraction_error
63 + 97 = 158,subtraction_error
17 + 71 = 78,subtraction_error
7 + 12 = 23,addition_error
43 + 35 = 79,addition_error
33 + 96 = 129,correct
78 + 9 = 92,addition_error
61 + 79 = 140,correct
94 + 59 = 163,addition_error
35 + 95 = 130,correct
21 + 53 = 73,subtraction_error
73 + 9 = 80,subtraction_error
30 + 10 = 40,correct
51 + 38 = 98,addition_error
33 + 69 = 104,addition_error
95 + 13 = 118,addition_error
34 + 30 = 64,correct
60 + 54 = 110,subtraction_error
12 + 75 = 97,addition_error
8 + 41 = 56,addition_error
56 + 58 = 114,correct
53 + 37 = 98,addition_error
9 + 47 = 46,subtraction_error
26 + 62 = 78,subtraction_error
16 + 17 = 30,subtraction_error
64 + 34 = 102,addition_error
8 + 41 = 44,subtraction_error
31 + 17 = 40,subtraction_error
77 + 25 = 102,correct
50 + 29 = 70,subtraction_error
87 + 70 = 165,addition_error
67 + 95 = 162,correct
93 + 65 = 158,correct
68 + 86 = 154,correct
13 + 38 = 59,addition_error
41 + 75 = 121,addition_error
85 + 2 = 87,correct
20 + 98 = 125,addition_error
70 + 99 = 172,addition_error
38 + 93 = 127,subtraction_error
9 + 8 = 7,subtraction_error
41 + 99 = 149,addition_error
41 + 60 = 109,addition_error
66 + 28 = 87,subtraction_error
70 + 72 = 142,correct
63 + 97 = 160,correct
83 + 22 = 106,addition_error
75 + 65 = 140,correct
44 + 12 = 54,subtraction_error
23 + 77 = 97,subtraction_error
40 + 46 = 88,addition_error
64 + 5 = 69,correct
73 + 41 = 117,addition_error
48 + 12 = 60,correct
11 + 93 = 106,addition_error
74 + 15 = 89,correct
28 + 33 = 63,addition_error
81 + 19 = 106,addition_error
11 + 61 = 72,correct
84 + 44 = 137,addition_error
16 + 93 = 109,correct
26 + 10 = 36,correct
23 + 69 = 83,subtraction_error
77 + 75 = 142,subtraction_error
62 + 37 = 97,subtraction_error
19 + 71 = 90,correct
84 + 4 = 90,addition_error
31 + 98 = 127,subtraction_error
64 + 74 = 148,addition_error
59 + 20 = 81,addition_error
68 + 86 = 149,subtraction_error
17 + 82 = 99,correct
86 + 58 = 151,addition_error
29 + 6 = 35,correct
93 + 43 = 133,subtraction_error
68 + 96 = 164,correct
59 + 69 = 128,correct
31 + 13 = 53,addition_error
74 + 20 = 84,subtraction_error
2 + 15 = 21,addition_error
1 + 96 = 97,correct
78 + 42 = 128,addition_error
8 + 94 = 107,addition_error
90 + 94 = 174,subtraction_error
77 + 75 = 155,addition_error
41 + 34 = 82,addition_error
94 + 20 = 114,correct
97 + 6 = 112,addition_error
95 + 13 = 108,correct
63 + 23 = 86,correct
16 + 16 = 30,subtraction_error
5 + 43 = 40,subtraction_error
40 + 96 = 127,subtraction_error
66 + 68 = 130,subtraction_error
88 + 23 = 116,addition_error
11 + 59 = 70,correct
17 + 85 = 93,subtraction_error
65 + 79 = 148,addition_error
18 + 95 = 119,addition_error
20 + 39 = 56,subtraction_error
34 + 22 = 65,addition_error
32 + 60 = 87,subtraction_error
29 + 78 = 106,subtraction_error
50 + 10 = 69,addition_error
49 + 78 = 136,addition_error
25 + 62 = 95,addition_error
42 + 86 = 132,addition_error
41 + 99 = 132,subtraction_error
70 + 28 = 98,correct
45 + 22 = 65,subtraction_error
20 + 27 = 40,subtraction_error
28 + 71 = 94,subtraction_error
94 + 44 = 140,addition_error
30 + 8 = 36,subtraction_error
57 + 76 = 139,addition_error
71 + 73 = 135,subtraction_error
12 + 58 = 71,addition_error
49 + 60 = 108,subtraction_error
9 + 47 = 56,correct
68 + 57 = 118,subtraction_error
23 + 37 = 62,addition_error
25 + 62 = 87,correct
73 + 72 = 147,addition_error
54 + 68 = 119,subtraction_error
53 + 8 = 68,addition_error
51 + 42 = 93,correct
51 + 83 = 130,subtraction_error
32 + 84 = 117,addition_error
83 + 22 = 105,correct
45 + 61 = 107,addition_error
65 + 79 = 143,subtraction_error
21 + 93 = 119,addition_error
95 + 72 = 167,correct
27 + 89 = 123,addition_error
41 + 45 = 86,correct
14 + 61 = 76,addition_error
19 + 71 = 92,addition_error
21 + 21 = 48,addition_error
36 + 91 = 134,addition_error
55 + 30 = 92,addition_error
27 + 89 = 116,correct
38 + 49 = 93,addition_error
15 + 52 = 62,subtraction_error
80 + 23 = 103,correct
82 + 72 = 154,correct
58 + 99 = 161,addition_error
75 + 93 = 168,correct
8 + 8 = 24,addition_error
41 + 17 = 58,correct
51 + 53 = 104,correct
91 + 2 = 93,correct
12 + 80 = 91,subtraction_error
67 + 10 = 72,subtraction_error
30 + 70 = 108,addition_error
55 + 68 = 133,addition_error
34 + 25 = 61,addition_error
56 + 58 = 119,addition_error
59 + 7 = 66,correct
63 + 74 = 132,subtraction_error
34 + 17 = 51,correct
13 + 34 = 53,addition_error
16 + 19 = 29,subtraction_error
51 + 55 = 110,addition_error
21 + 53 = 74,correct
5 + 31 = 38,addition_error
1 + 36 = 29,subtraction_error
78 + 42 = 120,correct
58 + 54 = 114,addition_error
79 + 57 = 145,addition_error
26 + 45 = 71,correct
88 + 50 = 138,correct
84 + 7 = 97,addition_error
74 + 69 = 139,subtraction_error
30 + 68 = 97,subtraction_error
41 + 75 = 110,subtraction_error
73 + 43 = 116,correct
12 + 75 = 87,correct
36 + 3 = 47,addition_error
6 + 39 = 45,correct
54 + 94 = 148,correct
91 + 62 = 162,addition_error
23 + 37 = 55,subtraction_error
2 + 15 = 17,correct
93 + 95 = 187,subtraction_error
32 + 19 = 51,correct
38 + 93 = 132,addition_error
51 + 12 = 63,correct
12 + 97 = 108,subtraction_error
29 + 20 = 44,subtraction_error
6 + 2 = 8,correct
45 + 61 = 106,correct
43 + 89 = 142,addition_error
59 + 19 = 78,correct
10 + 92 = 102,correct
62 + 13 = 75,correct
91 + 86 = 174,subtraction_error
42 + 81 = 123,correct
58 + 48 = 99,subtraction_error
15 + 26 = 31,subtraction_error
48 + 29 = 78,addition_error
63 + 86 = 140,subtraction_error
16 + 2 = 24,addition_error
60 + 54 = 114,correct
41 + 81 = 122,correct
26 + 64 = 87,subtraction_error
33 + 96 = 138,addition_error
59 + 7 = 57,subtraction_error
40 + 96 = 144,addition_error
68 + 29 = 98,addition_error
41 + 75 = 109,subtraction_error
93 + 65 = 151,subtraction_error
69 + 33 = 102,correct
28 + 43 = 80,addition_error
1 + 36 = 37,correct
29 + 6 = 44,addition_error
75 + 80 = 152,subtraction_error
83 + 46 = 129,correct
53 + 80 = 138,addition_error
74 + 96 = 170,correct
86 + 81 = 166,subtraction_error
85 + 9 = 98,addition_error
29 + 54 = 86,addition_error
37 + 4 = 31,subtraction_error
87 + 36 = 123,correct
80 + 63 = 137,subtraction_error
93 + 40 = 138,addition_error
21 + 6 = 27,correct
94 + 51 = 145,correct
74 + 69 = 143,correct
7 + 74 = 81,correct
69 + 37 = 106,correct
75 + 43 = 118,correct
99 + 33 = 132,correct
71 + 7 = 79,addition_error
70 + 72 = 152,addition_error
35 + 3 = 37,subtraction_error
17 + 91 = 107,subtraction_error
78 + 36 = 114,correct
89 + 96 = 181,subtraction_error
19 + 78 = 107,addition_error
30 + 84 = 124,addition_error
88 + 23 = 111,correct
21 + 69 = 97,addition_error
50 + 52 = 92,subtraction_error
82 + 6 = 80,subtraction_error
73 + 43 = 109,subtraction_error
66 + 31 = 97,correct
71 + 13 = 85,addition_error
94 + 20 = 110,subtraction_error
26 + 62 = 88,correct
85 + 23 = 100,subtraction_error
93 + 54 = 147,correct
71 + 54 = 125,correct
55 + 26 = 81,correct
78 + 8 = 91,addition_error
12 + 80 = 92,correct
74 + 30 = 103,subtraction_error
89 + 9 = 98,correct
44 + 68 = 104,subtraction_error
50 + 50 = 110,addition_error
89 + 30 = 126,addition_error
62 + 37 = 92,subtraction_error
10 + 98 = 115,addition_error
86 + 30 = 116,correct
80 + 26 = 106,correct
64 + 5 = 76,addition_error
36 + 91 = 127,correct
81 + 19 = 97,subtraction_error
32 + 69 = 110,addition_error
63 + 52 = 115,correct
53 + 36 = 85,subtraction_error
50 + 10 = 51,subtraction_error
56 + 29 = 85,correct
63 + 87 = 158,addition_error
30 + 10 = 38,subtraction_error
64 + 2 = 62,subtraction_error
37 + 29 = 68,addition_error
69 + 92 = 153,subtraction_error
15 + 10 = 25,correct
41 + 75 = 125,addition_error
9 + 15 = 24,correct
64 + 55 = 109,subtraction_error
69 + 33 = 95,subtraction_error
17 + 34 = 51,correct
38 + 63 = 111,addition_error
72 + 36 = 111,addition_error
62 + 37 = 106,addition_error
46 + 22 = 60,subtraction_error
32 + 91 = 126,addition_error
16 + 2 = 8,subtraction_error
66 + 83 = 146,subtraction_error
62 + 97 = 159,correct
31 + 86 = 117,correct
26 + 76 = 102,correct
70 + 72 = 146,addition_error
91 + 56 = 143,subtraction_error
89 + 55 = 135,subtraction_error
48 + 57 = 99,subtraction_error
13 + 18 = 28,subtraction_error
1 + 49 = 50,correct
84 + 52 = 136,correct
36 + 39 = 83,addition_error
93 + 80 = 173,correct
76 + 83 = 159,correct
33 + 73 = 110,addition_error
8 + 50 = 66,addition_error
68 + 97 = 165,correct
14 + 81 = 102,addition_error
32 + 60 = 101,addition_error
81 + 59 = 140,correct
68 + 83 = 151,correct
1 + 20 = 21,correct
98 + 12 = 110,correct
29 + 72 = 102,addition_error
18 + 96 = 114,correct
57 + 76 = 126,subtraction_error
94 + 52 = 144,subtraction_error
27 + 50 = 77,correct
45 + 93 = 138,correct
9 + 91 = 100,correct
12 + 69 = 82,addition_error
71 + 89 = 165,addition_error
65 + 26 = 88,subtraction_error
90 + 13 = 98,subtraction_error
70 + 90 = 160,correct
49 + 60 = 119,addition_error
41 + 94 = 136,addition_error
31 + 54 = 92,addition_error
63 + 73 = 136,correct
21 + 43 = 64,correct
15 + 15 = 26,subtraction_error
2 + 56 = 64,addition_error
50 + 31 = 81,correct
45 + 15 = 55,subtraction_error
94 + 49 = 150,addition_error
77 + 26 = 103,correct
78 + 17 = 104,addition_error
67 + 15 = 80,subtraction_error
49 + 15 = 70,addition_error
63 + 5 = 60,subtraction_error
2 + 15 = 17,correct
9 + 15 = 28,addition_error
21 + 34 = 49,subtraction_error
52 + 47 = 92,subtraction_error
59 + 72 = 140,addition_error
66 + 46 = 110,subtraction_error
39 + 88 = 132,addition_error
89 + 35 = 124,correct
86 + 7 = 88,subtraction_error
89 + 98 = 187,correct
23 + 75 = 98,correct
86 + 58 = 144,correct
95 + 11 = 106,correct
88 + 6 = 96,addition_error
84 + 12 = 94,subtraction_error
34 + 77 = 119,addition_error
1 + 97 = 106,addition_error
45 + 45 = 97,addition_error
27 + 48 = 77,addition_error
41 + 38 = 89,addition_error
46 + 68 = 116,addition_error
43 + 35 = 78,correct
75 + 54 = 128,subtraction_error
48 + 57 = 110,addition_error
67 + 54 = 115,subtraction_error
52 + 21 = 80,addition_error
16 + 83 = 91,subtraction_error
11 + 3 = 13,subtraction_error
26 + 17 = 52,addition_error
43 + 89 = 131,subtraction_error
52 + 45 = 92,subtraction_error
26 + 76 = 107,addition_error
9 + 15 = 14,subtraction_error
34 + 30 = 65,addition_error
8 + 36 = 49,addition_error
26 + 38 = 69,addition_error
80 + 63 = 146,addition_error
91 + 96 = 187,correct
94 + 73 = 171,addition_error
15 + 54 = 69,correct
9 + 32 = 39,subtraction_error
90 + 30 = 127,addition_error
48 + 10 = 58,correct
16 + 93 = 102,subtraction_error
44 + 48 = 92,correct
2 + 31 = 33,correct
41 + 5 = 41,subtraction_error
89 + 3 = 100,addition_error
89 + 11 = 108,addition_error
98 + 97 = 195,correct
4 + 74 = 84,addition_error
32 + 69 = 101,correct
61 + 49 = 110,correct
77 + 26 = 103,correct
94 + 40 = 135,addition_error
14 + 42 = 57,addition_error
64 + 39 = 102,subtraction_error
94 + 73 = 167,correct
33 + 8 = 41,correct
69 + 37 = 109,addition_error
24 + 94 = 114,subtraction_error
24 + 26 = 50,correct
59 + 34 = 99,addition_error
1 + 96 = 89,subtraction_error
4 + 19 = 23,correct
45 + 15 = 66,addition_error
94 + 52 = 151,addition_error
3 + 78 = 90,addition_error
50 + 50 = 93,subtraction_error
68 + 49 = 117,correct
51 + 83 = 143,addition_error
51 + 38 = 79,subtraction_error
28 + 43 = 71,correct
84 + 17 = 109,addition_error
71 + 4 = 75,correct
6 + 2 = 18,addition_error
34 + 40 = 69,subtraction_error
19 + 78 = 97,correct
96 + 63 = 151,subtraction_error
67 + 35 = 96,subtraction_error
19 + 32 = 46,subtraction_error
48 + 3 = 44,subtraction_error
84 + 44 = 128,correct
87 + 36 = 114,subtraction_error
86 + 17 = 106,addition_error
26 + 68 = 95,addition_error
24 + 94 = 128,addition_error
8 + 56 = 64,correct
97 + 25 = 119,subtraction_error
2 + 5 = 7,correct
76 + 93 = 162,subtraction_error
36 + 3 = 29,subtraction_error
53 + 2 = 47,subtraction_error
13 + 93 = 113,addition_error
81 + 71 = 152,correct
70 + 3 = 80,addition_error
70 + 45 = 115,correct
26 + 70 = 104,addition_error
88 + 64 = 149,subtraction_error
27 + 58 = 76,subtraction_error
8 + 77 = 85,correct
42 + 38 = 76,subtraction_error
48 + 10 = 61,addition_error
90 + 18 = 108,correct
78 + 36 = 104,subtraction_error
89 + 55 = 153,addition_error
15 + 26 = 41,correct
66 + 83 = 149,correct
7 + 40 = 57,addition_error
30 + 58 = 93,addition_error
48 + 77 = 123,subtraction_error
24 + 88 = 112,correct
77 + 26 = 113,addition_error
20 + 32 = 51,subtraction_error
65 + 80 = 145,correct
92 + 86 = 171,subtraction_error
22 + 64 = 87,addition_error
74 + 89 = 163,correct
18 + 62 = 80,correct
34 + 39 = 63,subtraction_error
51 + 54 = 105,correct
62 + 97 = 169,addition_error
13 + 78 = 95,addition_error
95 + 49 = 143,subtraction_error
85 + 75 = 160,correct
86 + 63 = 139,subtraction_error
53 + 15 = 58,subtraction_error
41 + 21 = 62,correct
4 + 39 = 43,correct
32 + 84 = 115,subtraction_error
74 + 58 = 130,subtraction_error
12 + 35 = 52,addition_error
4 + 97 = 101,correct
81 + 73 = 154,correct
29 + 72 = 101,correct
24 + 45 = 69,correct
28 + 33 = 52,subtraction_error
18 + 79 = 95,subtraction_error
59 + 47 = 96,subtraction_error
43 + 89 = 132,correct
34 + 17 = 44,subtraction_error
7 + 91 = 98,correct
85 + 13 = 93,subtraction_error
61 + 79 = 138,subtraction_error
30 + 8 = 38,correct
3 + 28 = 31,correct
74 + 40 = 114,correct
14 + 42 = 47,subtraction_error
48 + 63 = 116,addition_error
88 + 18 = 106,correct
30 + 75 = 99,subtraction_error
37 + 29 = 64,subtraction_error
36 + 3 = 39,correct
8 + 60 = 74,addition_error
48 + 12 = 70,addition_error
62 + 65 = 133,addition_error
69 + 92 = 161,correct
54 + 22 = 84,addition_error
27 + 42 = 69,correct
13 + 61 = 65,subtraction_error
58 + 5 = 66,addition_error
76 + 5 = 91,addition_error
76 + 64 = 145,addition_error
68 + 83 = 160,addition_error
38 + 59 = 102,addition_error
31 + 86 = 124,addition_error
42 + 93 = 143,addition_error
17 + 82 = 103,addition_error
29 + 18 = 47,correct
90 + 83 = 163,subtraction_error
75 + 93 = 169,addition_error
18 + 5 = 23,correct
23 + 75 = 104,addition_error
67 + 94 = 162,addition_error
44 + 12 = 64,addition_error
53 + 15 = 68,correct
40 + 60 = 91,subtraction_error
68 + 29 = 97,correct
1 + 20 = 25,addition_error
98 + 2 = 101,addition_error
1 + 97 = 98,correct
83 + 20 = 103,correct
42 + 9 = 46,subtraction_error
91 + 56 = 149,addition_error
30 + 4 = 27,subtraction_error
42 + 93 = 130,subtraction_error
71 + 89 = 150,subtraction_error
86 + 66 = 160,addition_error
41 + 17 = 57,subtraction_error
86 + 68 = 151,subtraction_error
30 + 83 = 116,addition_error
25 + 10 = 38,addition_error
95 + 72 = 162,subtraction_error
85 + 26 = 111,correct
62 + 51 = 117,addition_error
20 + 39 = 66,addition_error
47 + 89 = 136,correct
26 + 17 = 43,correct
38 + 63 = 95,subtraction_error
64 + 34 = 95,subtraction_error
71 + 91 = 171,addition_error
81 + 67 = 148,correct
23 + 5 = 28,correct
32 + 91 = 123,correct
67 + 33 = 98,subtraction_error
79 + 57 = 137,addition_error
75 + 65 = 132,subtraction_error
4 + 95 = 89,subtraction_error
4 + 60 = 64,correct
61 + 17 = 77,subtraction_error
65 + 70 = 132,subtraction_error
15 + 90 = 105,correct
75 + 43 = 117,subtraction_error
48 + 12 = 51,subtraction_error
86 + 40 = 116,subtraction_error
8 + 83 = 91,correct
21 + 53 = 68,subtraction_error
37 + 25 = 67,addition_error
58 + 1 = 62,addition_error
55 + 4 = 69,addition_error
13 + 78 = 91,correct
97 + 53 = 149,subtraction_error
32 + 38 = 77,addition_error
44 + 84 = 128,correct
7 + 89 = 96,correct
48 + 43 = 97,addition_error
37 + 63 = 97,subtraction_error
49 + 3 = 47,subtraction_error
30 + 58 = 85,subtraction_error
15 + 57 = 78,addition_error
28 + 38 = 66,correct
69 + 11 = 87,addition_error
46 + 52 = 92,subtraction_error
50 + 29 = 79,correct
57 + 76 = 133,correct
78 + 67 = 140,subtraction_error
2 + 56 = 51,subtraction_error
26 + 62 = 93,addition_error
26 + 64 = 92,addition_error
8 + 86 = 104,addition_error
69 + 54 = 120,subtraction_error
24 + 26 = 44,subtraction_error
61 + 17 = 87,addition_error
72 + 36 = 104,subtraction_error
28 + 43 = 63,subtraction_error
4 + 18 = 22,correct
66 + 99 = 171,addition_error
79 + 38 = 122,addition_error
86 + 34 = 120,correct
82 + 91 = 172,subtraction_error
49 + 78 = 127,correct
21 + 21 = 42,correct
13 + 34 = 39,subtraction_error
13 + 38 = 51,correct
82 + 85 = 167,correct
99 + 33 = 138,addition_error
5 + 48 = 53,correct
26 + 46 = 80,addition_error
53 + 15 = 65,subtraction_error
72 + 33 = 114,addition_error
61 + 47 = 116,addition_error
74 + 98 = 172,correct
40 + 81 = 118,subtraction_error
12 + 43 = 48,subtraction_error
52 + 47 = 99,correct
74 + 89 = 160,subtraction_error
30 + 49 = 89,addition_error
79 + 57 = 136,correct
17 + 71 = 98,addition_error
98 + 63 = 161,correct
16 + 48 = 74,addition_error
67 + 68 = 143,addition_error
68 + 83 = 142,subtraction_error
71 + 13 = 84,correct
90 + 91 = 189,addition_error
35 + 62 = 89,subtraction_error
38 + 90 = 137,addition_error
57 + 41 = 102,addition_error
98 + 2 = 96,subtraction_error
54 + 28 = 90,addition_error
14 + 31 = 35,subtraction_error
43 + 94 = 128,subtraction_error
60 + 49 = 109,correct
19 + 94 = 119,addition_error
94 + 69 = 166,addition_error
75 + 44 = 119,correct
34 + 64 = 105,addition_error
10 + 51 = 61,correct
7 + 68 = 79,addition_error
38 + 95 = 142,addition_error
45 + 36 = 78,subtraction_error
40 + 60 = 102,addition_error
32 + 91 = 118,subtraction_error
79 + 40 = 119,correct
49 + 87 = 128,subtraction_error
6 + 65 = 67,subtraction_error
28 + 69 = 107,addition_error
59 + 47 = 106,correct
29 + 18 = 46,subtraction_error
58 + 30 = 96,addition_error
23 + 66 = 97,addition_error
28 + 71 = 99,correct
63 + 87 = 144,subtraction_error
56 + 29 = 80,subtraction_error
39 + 80 = 129,addition_error
48 + 10 = 49,subtraction_error
30 + 42 = 72,correct
69 + 95 = 154,subtraction_error
94 + 40 = 134,correct
64 + 95 = 155,subtraction_error
55 + 2 = 57,correct
76 + 19 = 95,correct
40 + 81 = 121,correct
94 + 69 = 163,correct
94 + 94 = 185,subtraction_error
68 + 83 = 146,subtraction_error
83 + 87 = 173,addition_error
12 + 43 = 56,addition_error
59 + 33 = 101,addition_error
41 + 16 = 53,subtraction_error
90 + 91 = 176,subtraction_error
2 + 35 = 29,subtraction_error
45 + 22 = 68,addition_error
18 + 41 = 61,addition_error
48 + 2 = 40,subtraction_error
39 + 83 = 132,addition_error
16 + 72 = 92,addition_error
54 + 35 = 79,subtraction_error
18 + 96 = 117,addition_error
43 + 9 = 60,addition_error
84 + 12 = 96,correct
67 + 25 = 102,addition_error
98 + 2 = 110,addition_error
65 + 10 = 81,addition_error
6 + 64 = 70,correct
20 + 98 = 118,correct
48 + 50 = 99,addition_error
93 + 95 = 188,correct
14 + 17 = 22,subtraction_error
23 + 4 = 17,subtraction_error
79 + 40 = 112,subtraction_error
94 + 89 = 176,subtraction_error
43 + 94 = 138,addition_error
11 + 93 = 97,subtraction_error
37 + 4 = 41,correct
77 + 26 = 109,addition_error
61 + 49 = 104,subtraction_error
61 + 55 = 107,subtraction_error
18 + 77 = 95,correct
80 + 29 = 109,correct
93 + 54 = 156,addition_error
63 + 23 = 93,addition_error
29 + 83 = 113,addition_error
41 + 45 = 78,subtraction_error
23 + 98 = 130,addition_error
15 + 34 = 49,correct
58 + 81 = 130,subtraction_error
19 + 94 = 113,correct
38 + 59 = 88,subtraction_error
21 + 57 = 70,subtraction_error
70 + 79 = 159,addition_error
50 + 43 = 94,addition_error
4 + 97 = 98,subtraction_error
8 + 74 = 83,addition_error
60 + 89 = 149,correct
12 + 75 = 80,subtraction_error
51 + 21 = 72,correct
63 + 74 = 146,addition_error
81 + 71 = 158,addition_error
45 + 93 = 136,subtraction_error
91 + 90 = 181,correct
15 + 98 = 119,addition_error
56 + 27 = 74,subtraction_error
76 + 87 = 163,correct
14 + 39 = 52,subtraction_error
9 + 26 = 27,subtraction_error
89 + 98 = 183,subtraction_error
59 + 72 = 131,correct
21 + 32 = 59,addition_error
90 + 13 = 108,addition_error
96 + 51 = 137,subtraction_error
79 + 29 = 111,addition_error
95 + 70 = 172,addition_error
68 + 97 = 173,addition_error
9 + 57 = 70,addition_error
14 + 20 = 37,addition_error
95 + 49 = 154,addition_error
44 + 1 = 52,addition_error
37 + 83 = 130,addition_error
22 + 27 = 47,subtraction_error
37 + 46 = 83,correct
7 + 74 = 74,subtraction_error
49 + 91 = 148,addition_error
8 + 23 = 27,subtraction_error
41 + 37 = 68,subtraction_error
33 + 94 = 127,correct
15 + 34 = 57,addition_error
63 + 52 = 123,addition_error
19 + 32 = 56,addition_error
1 + 68 = 76,addition_error
75 + 43 = 126,addition_error
88 + 50 = 144,addition_error
66 + 89 = 156,addition_error
9 + 67 = 81,addition_error
41 + 5 = 46,correct
30 + 72 = 104,addition_error
49 + 4 = 46,subtraction_error
43 + 9 = 46,subtraction_error
48 + 3 = 51,correct
3 + 41 = 35,subtraction_error
23 + 77 = 109,addition_error
54 + 40 = 84,subtraction_error
74 + 98 = 167,subtraction_error
15 + 80 = 95,correct
94 + 49 = 143,correct
12 + 71 = 74,subtraction_error
7 + 60 = 67,correct
59 + 7 = 68,addition_error
25 + 34 = 62,addition_error
9 + 8 = 24,addition_error
85 + 45 = 121,subtraction_error
96 + 76 = 168,subtraction_error
74 + 15 = 80,subtraction_error
37 + 98 = 135,correct
38 + 90 = 128,correct
59 + 44 = 103,correct
9 + 58 = 60,subtraction_error
69 + 95 = 170,addition_error
91 + 96 = 189,addition_error
94 + 78 = 170,subtraction_error
78 + 8 = 84,subtraction_error
2 + 35 = 37,correct
27 + 58 = 85,correct
18 + 5 = 22,subtraction_error
39 + 95 = 128,subtraction_error
29 + 7 = 33,subtraction_error
8 + 74 = 92,addition_error
7 + 96 = 103,correct
25 + 10 = 32,subtraction_error
9 + 26 = 45,addition_error
89 + 61 = 152,addition_error
48 + 50 = 96,subtraction_error
54 + 94 = 151,addition_error
82 + 17 = 99,correct
43 + 9 = 52,correct
60 + 8 = 68,correct
4 + 4 = 2,subtraction_error
91 + 62 = 150,subtraction_error
64 + 86 = 141,subtraction_error
88 + 18 = 110,addition_error
12 + 24 = 41,addition_error
24 + 11 = 35,correct
93 + 43 = 136,correct
3 + 78 = 81,correct
46 + 15 = 61,correct
79 + 30 = 117,addition_error
19 + 97 = 123,addition_error
69 + 49 = 116,subtraction_error
24 + 11 = 27,subtraction_error
87 + 64 = 143,subtraction_error
34 + 14 = 58,addition_error
58 + 81 = 139,correct
69 + 80 = 140,subtraction_error
58 + 5 = 57,subtraction_error
45 + 45 = 90,correct
71 + 28 = 99,correct
13 + 70 = 83,correct
34 + 22 = 54,subtraction_error
75 + 93 = 161,subtraction_error
61 + 78 = 136,subtraction_error
17 + 76 = 93,correct
28 + 95 = 113,subtraction_error
74 + 98 = 173,addition_error
94 + 73 = 159,subtraction_error
9 + 26 = 31,subtraction_error
53 + 75 = 128,correct
18 + 62 = 72,subtraction_error
42 + 86 = 126,subtraction_error
47 + 37 = 82,subtraction_error
96 + 76 = 180,addition_error
8 + 83 = 87,subtraction_error
93 + 32 = 125,correct
90 + 25 = 115,correct
93 + 4 = 101,addition_error
70 + 28 = 90,subtraction_error
47 + 89 = 136,correct
84 + 4 = 91,addition_error
38 + 63 = 101,correct
43 + 36 = 79,correct
23 + 47 = 70,correct
73 + 37 = 110,correct
72 + 82 = 156,addition_error
8 + 83 = 98,addition_error
30 + 68 = 101,addition_error
49 + 20 = 66,subtraction_error
69 + 25 = 85,subtraction_error
74 + 97 = 171,correct
76 + 78 = 151,subtraction_error
36 + 91 = 117,subtraction_error
18 + 77 = 94,subtraction_error
8 + 23 = 32,addition_error
45 + 61 = 97,subtraction_error
9 + 91 = 101,addition_error
26 + 55 = 86,addition_error
96 + 51 = 147,correct
22 + 17 = 39,correct
64 + 63 = 130,addition_error
75 + 54 = 129,correct
9 + 57 = 66,correct
35 + 95 = 138,addition_error
46 + 22 = 74,addition_error
34 + 14 = 39,subtraction_error
10 + 28 = 48,addition_error
93 + 32 = 123,subtraction_error
65 + 8 = 73,correct
46 + 52 = 108,addition_error
82 + 94 = 181,addition_error
93 + 75 = 163,subtraction_error
48 + 51 = 99,correct
37 + 2 = 37,subtraction_error
18 + 95 = 113,correct
26 + 38 = 64,correct
51 + 21 = 63,subtraction_error
58 + 54 = 106,subtraction_error
44 + 12 = 56,correct
32 + 38 = 66,subtraction_error
65 + 55 = 119,subtraction_error
43 + 51 = 94,correct
72 + 95 = 159,subtraction_error
53 + 69 = 113,subtraction_error
59 + 47 = 114,addition_error
41 + 60 = 101,correct
37 + 98 = 126,subtraction_error
35 + 3 = 28,subtraction_error
63 + 74 = 137,correct
45 + 36 = 88,addition_error
45 + 73 = 109,subtraction_error
48 + 77 = 125,correct
78 + 42 = 112,subtraction_error
8 + 90 = 102,addition_error
76 + 19 = 98,addition_error
79 + 38 = 117,correct
69 + 49 = 119,addition_error
28 + 33 = 61,correct
3 + 24 = 27,correct
7 + 91 = 104,addition_error
30 + 84 = 107,subtraction_error
15 + 2 = 15,subtraction_error
63 + 13 = 77,addition_error
12 + 58 = 69,subtraction_error
57 + 82 = 147,addition_error
9 + 30 = 43,addition_error
8 + 8 = 15,subtraction_error
3 + 75 = 78,correct
33 + 88 = 129,addition_error
66 + 89 = 155,correct
49 + 98 = 147,correct
83 + 2 = 85,correct
65 + 98 = 159,subtraction_error
76 + 93 = 171,addition_error
16 + 51 = 74,addition_error
50 + 15 = 66,addition_error
30 + 60 = 90,correct
96 + 3 = 109,addition_error
86 + 7 = 93,correct
33 + 69 = 102,correct
15 + 98 = 113,correct
29 + 75 = 104,correct
38 + 17 = 57,addition_error
24 + 11 = 44,addition_error
16 + 41 = 54,subtraction_error
14 + 17 = 33,addition_error
26 + 46 = 72,correct
21 + 69 = 85,subtraction_error
11 + 12 = 17,subtraction_error
80 + 42 = 113,subtraction_error
59 + 69 = 118,subtraction_error
67 + 65 = 136,addition_error
88 + 75 = 169,addition_error
42 + 38 = 86,addition_error
46 + 22 = 68,correct
93 + 80 = 166,subtraction_error
8 + 26 = 35,addition_error
51 + 91 = 142,correct
22 + 17 = 38,subtraction_error
18 + 33 = 41,subtraction_error
69 + 32 = 101,correct
98 + 25 = 114,subtraction_error
78 + 9 = 79,subtraction_error
9 + 32 = 41,correct
23 + 32 = 55,correct
5 + 31 = 27,subtraction_error
70 + 49 = 109,subtraction_error
21 + 88 = 118,addition_error
12 + 58 = 70,correct
34 + 7 = 41,correct
61 + 30 = 86,subtraction_error
9 + 91 = 99,subtraction_error
11 + 12 = 26,addition_error
44 + 84 = 122,subtraction_error
37 + 63 = 100,correct
69 + 75 = 141,subtraction_error
69 + 23 = 91,subtraction_error
75 + 44 = 113,subtraction_error
85 + 13 = 98,correct
18 + 23 = 35,subtraction_error
4 + 19 = 30,addition_error
45 + 83 = 129,addition_error
40 + 55 = 86,subtraction_error
4 + 95 = 105,addition_error
51 + 12 = 66,addition_error
4 + 60 = 61,subtraction_error
11 + 20 = 39,addition_error
42 + 16 = 62,addition_error
91 + 30 = 119,subtraction_error
98 + 28 = 134,addition_error
95 + 12 = 112,addition_error
5 + 30 = 27,subtraction_error
62 + 40 = 108,addition_error
63 + 23 = 80,subtraction_error
18 + 53 = 71,correct
45 + 75 = 120,correct
51 + 98 = 156,addition_error
45 + 59 = 98,subtraction_error
61 + 30 = 87,subtraction_error
80 + 23 = 102,subtraction_error
27 + 42 = 60,subtraction_error
22 + 79 = 92,subtraction_error
23 + 88 = 120,addition_error
81 + 6 = 85,subtraction_error
69 + 27 = 87,subtraction_error
6 + 65 = 75,addition_error
78 + 47 = 132,addition_error
36 + 61 = 97,correct
21 + 53 = 68,subtraction_error
91 + 37 = 128,correct
90 + 18 = 114,addition_error
91 + 37 = 125,subtraction_error
25 + 34 = 59,correct
10 + 92 = 108,addition_error
30 + 70 = 99,subtraction_error
13 + 34 = 47,correct
32 + 58 = 98,addition_error
69 + 32 = 106,addition_error
96 + 7 = 105,addition_error
29 + 83 = 112,correct
44 + 29 = 73,correct
33 + 17 = 50,correct
59 + 20 = 78,subtraction_error
91 + 95 = 186,correct
23 + 98 = 120,subtraction_error
6 + 45 = 51,correct
28 + 38 = 66,correct
12 + 71 = 83,correct
56 + 80 = 129,subtraction_error
68 + 83 = 151,correct
4 + 4 = 10,addition_error
3 + 93 = 101,addition_error
96 + 76 = 172,correct
76 + 83 = 164,addition_error
81 + 31 = 117,addition_error
28 + 69 = 97,correct
12 + 35 = 47,correct
80 + 55 = 132,subtraction_error
33 + 69 = 100,subtraction_error
74 + 96 = 167,subtraction_error
5 + 30 = 35,correct
3 + 75 = 72,subtraction_error
22 + 9 = 37,addition_error
38 + 49 = 86,subtraction_error
6 + 25 = 29,subtraction_error
86 + 30 = 107,subtraction_error
32 + 69 = 100,subtraction_error
60 + 66 = 126,correct
55 + 4 = 65,addition_error
24 + 88 = 118,addition_error
25 + 44 = 69,correct
31 + 77 = 108,correct
21 + 43 = 61,subtraction_error
53 + 17 = 62,subtraction_error
14 + 20 = 33,subtraction_error
50 + 31 = 82,addition_error
7 + 91 = 90,subtraction_error
82 + 94 = 176,correct
21 + 93 = 111,subtraction_error
57 + 82 = 139,correct
83 + 20 = 98,subtraction_error
69 + 54 = 123,correct
11 + 3 = 14,correct
57 + 4 = 61,correct
6 + 25 = 31,correct
89 + 96 = 175,subtraction_error
65 + 38 = 96,subtraction_error
29 + 7 = 38,addition_error
89 + 3 = 92,correct
80 + 61 = 133,subtraction_error
73 + 72 = 145,correct
70 + 72 = 132,subtraction_error
90 + 94 = 184,correct
34 + 40 = 74,correct
3 + 16 = 27,addition_error
16 + 83 = 99,correct
15 + 2 = 17,correct
89 + 35 = 132,addition_error
7 + 72 = 72,subtraction_error
8 + 90 = 98,correct
69 + 10 = 87,addition_error
62 + 58 = 125,addition_error
12 + 92 = 104,correct
34 + 7 = 39,subtraction_error
3 + 24 = 31,addition_error
17 + 91 = 110,addition_error
94 + 4 = 91,subtraction_error
93 + 75 = 177,addition_error
75 + 86 = 155,subtraction_error
54 + 22 = 76,correct
88 + 1 = 89,correct
14 + 61 = 71,subtraction_error
93 + 60 = 146,subtraction_error
26 + 70 = 95,subtraction_error
44 + 99 = 139,subtraction_error
39 + 36 = 70,subtraction_error
60 + 52 = 108,subtraction_error
91 + 16 = 111,addition_error
40 + 60 = 95,subtraction_error
41 + 16 = 57,correct
61 + 78 = 139,correct
14 + 42 = 56,correct
23 + 60 = 80,subtraction_error
90 + 83 = 173,correct
8 + 36 = 36,subtraction_error
89 + 32 = 121,correct
8 + 88 = 96,correct
73 + 37 = 115,addition_error
46 + 79 = 125,correct
30 + 72 = 92,subtraction_error
95 + 72 = 167,correct
28 + 50 = 87,addition_error
46 + 38 = 93,addition_error
88 + 3 = 83,subtraction_error
31 + 13 = 37,subtraction_error
17 + 32 = 49,correct
41 + 52 = 93,correct
15 + 34 = 41,subtraction_error
62 + 37 = 106,addition_error
25 + 93 = 110,subtraction_error
85 + 26 = 102,subtraction_error
89 + 72 = 161,correct
94 + 78 = 162,subtraction_error
37 + 61 = 96,subtraction_error
54 + 40 = 94,correct
12 + 24 = 28,subtraction_error
23 + 88 = 104,subtraction_error
8 + 77 = 94,addition_error
16 + 72 = 88,correct
54 + 50 = 104,correct
89 + 96 = 185,correct
52 + 8 = 60,correct
6 + 65 = 71,correct
43 + 27 = 78,addition_error
33 + 94 = 135,addition_error
82 + 91 = 173,correct
93 + 80 = 182,addition_error
78 + 52 = 131,addition_error
15 + 66 = 74,subtraction_error
70 + 49 = 119,correct
72 + 5 = 84,addition_error
34 + 38 = 72,correct
40 + 60 = 107,addition_error
81 + 6 = 87,correct
26 + 38 = 61,subtraction_error
16 + 34 = 59,addition_error
17 + 61 = 77,subtraction_error
53 + 68 = 116,subtraction_error
65 + 80 = 144,subtraction_error
87 + 38 = 115,subtraction_error
21 + 21 = 38,subtraction_error
23 + 60 = 86,addition_error
58 + 30 = 81,subtraction_error
64 + 79 = 139,subtraction_error
82 + 85 = 158,subtraction_error
23 + 5 = 36,addition_error
8 + 26 = 34,correct
23 + 98 = 121,correct
40 + 11 = 51,correct
79 + 30 = 103,subtraction_error
6 + 45 = 50,subtraction_error
50 + 33 = 79,subtraction_error
69 + 25 = 96,addition_error
72 + 36 = 108,correct
28 + 95 = 123,correct
10 + 57 = 67,correct
8 + 88 = 104,addition_error
42 + 52 = 99,addition_error
94 + 89 = 183,correct
57 + 4 = 62,addition_error
8 + 90 = 94,subtraction_error
36 + 30 = 66,correct
31 + 77 = 114,addition_error
88 + 40 = 128,correct
61 + 55 = 120,addition_error
90 + 11 = 94,subtraction_error
4 + 33 = 37,correct
91 + 95 = 195,addition_error
82 + 16 = 96,subtraction_error
83 + 87 = 170,correct
70 + 79 = 139,subtraction_error
6 + 91 = 98,addition_error
81 + 73 = 156,addition_error
93 + 95 = 194,addition_error
36 + 70 = 115,addition_error
83 + 20 = 103,correct
50 + 3 = 49,subtraction_error
39 + 80 = 119,correct
89 + 62 = 141,subtraction_error
11 + 32 = 39,subtraction_error
7 + 44 = 51,correct
32 + 58 = 90,correct
3 + 76 = 78,subtraction_error
51 + 55 = 100,subtraction_error
64 + 95 = 159,correct
4 + 2 = 4,subtraction_error
88 + 50 = 128,subtraction_error
42 + 28 = 78,addition_error
67 + 95 = 172,addition_error
95 + 70 = 161,subtraction_error
55 + 32 = 87,correct
42 + 9 = 61,addition_error
13 + 13 = 31,addition_error
51 + 66 = 124,addition_error
21 + 18 = 39,correct
55 + 30 = 85,correct
81 + 59 = 145,addition_error
14 + 87 = 97,subtraction_error
34 + 95 = 132,addition_error
40 + 96 = 136,correct
66 + 39 = 105,correct
94 + 44 = 138,correct
66 + 89 = 150,subtraction_error
26 + 46 = 70,subtraction_error
45 + 96 = 134,subtraction_error
94 + 4 = 98,correct
93 + 4 = 97,correct
33 + 88 = 121,correct
67 + 94 = 161,correct
93 + 40 = 133,correct
26 + 68 = 89,subtraction_error
60 + 52 = 112,correct
9 + 61 = 70,correct
71 + 28 = 96,subtraction_error
46 + 45 = 96,addition_error
84 + 44 = 124,subtraction_error
72 + 82 = 154,correct
93 + 75 = 168,correct
67 + 82 = 151,addition_error
29 + 30 = 59,correct
86 + 36 = 122,correct
51 + 91 = 132,subtraction_error
18 + 14 = 35,addition_error
6 + 8 = 16,addition_error
73 + 5 = 71,subtraction_error
12 + 26 = 38,correct
53 + 68 = 130,addition_error
67 + 10 = 77,correct
22 + 79 = 101,correct
73 + 41 = 113,subtraction_error
3 + 93 = 96,correct
30 + 60 = 100,addition_error
16 + 37 = 53,correct
80 + 61 = 146,addition_error
56 + 58 = 113,subtraction_error
8 + 50 = 58,correct
62 + 37 = 99,correct
4 + 74 = 77,subtraction_error
40 + 61 = 110,addition_error
42 + 89 = 132,addition_error
98 + 70 = 167,subtraction_error
64 + 52 = 112,subtraction_error
8 + 56 = 68,addition_error
70 + 49 = 122,addition_error
71 + 4 = 69,subtraction_error
89 + 62 = 158,addition_error
74 + 30 = 109,addition_error
98 + 47 = 142,subtraction_error
85 + 23 = 108,correct
61 + 47 = 106,subtraction_error
48 + 58 = 106,correct
41 + 37 = 80,addition_error
10 + 44 = 54,correct
8 + 86 = 94,correct
21 + 6 = 37,addition_error
18 + 41 = 59,correct
63 + 44 = 101,subtraction_error
83 + 20 = 99,subtraction_error
3 + 56 = 64,addition_error
53 + 15 = 78,addition_error
60 + 8 = 77,addition_error
13 + 18 = 33,addition_error
30 + 4 = 34,correct
18 + 77 = 101,addition_error
3 + 76 = 79,correct
89 + 72 = 153,subtraction_error
89 + 96 = 191,addition_error
8 + 99 = 102,subtraction_error
18 + 53 = 74,addition_error
51 + 66 = 107,subtraction_error
28 + 38 = 75,addition_error
34 + 17 = 60,addition_error
55 + 6 = 61,correct
72 + 33 = 105,correct
45 + 7 = 61,addition_error
15 + 99 = 121,addition_error
9 + 54 = 72,addition_error
91 + 27 = 120,addition_error
49 + 98 = 149,addition_error
18 + 23 = 43,addition_error
65 + 10 = 75,correct
22 + 52 = 74,correct
92 + 86 = 184,addition_error
21 + 65 = 86,correct
23 + 4 = 27,correct
51 + 51 = 100,subtraction_error
37 + 83 = 120,correct
1 + 36 = 44,addition_error
16 + 6 = 22,correct
78 + 67 = 145,correct
36 + 30 = 60,subtraction_error
36 + 39 = 78,addition_error
90 + 25 = 123,addition_error
94 + 78 = 172,correct
46 + 82 = 128,correct
22 + 64 = 77,subtraction_error
76 + 80 = 149,subtraction_error
50 + 33 = 83,correct
9 + 47 = 58,addition_error
40 + 7 = 44,subtraction_error
18 + 14 = 36,addition_error
74 + 20 = 94,correct
13 + 66 = 79,correct
39 + 36 = 75,correct
9 + 57 = 56,subtraction_error
2 + 15 = 21,addition_error
42 + 89 = 131,correct
29 + 72 = 99,subtraction_error
8 + 99 = 115,addition_error
9 + 26 = 35,correct
69 + 18 = 88,addition_error
65 + 79 = 144,correct
21 + 93 = 114,correct
9 + 54 = 63,correct
94 + 67 = 153,subtraction_error
9 + 32 = 51,addition_error
41 + 72 = 119,addition_error
26 + 68 = 94,correct
69 + 23 = 92,correct
60 + 49 = 108,subtraction_error
48 + 63 = 111,correct
89 + 62 = 151,correct
86 + 34 = 124,addition_error
61 + 60 = 122,addition_error
88 + 3 = 91,correct
94 + 53 = 156,addition_error
85 + 9 = 94,correct
68 + 57 = 125,correct
1 + 79 = 83,addition_error
14 + 20 = 34,correct
47 + 37 = 93,addition_error
31 + 98 = 129,correct
69 + 10 = 71,subtraction_error
59 + 33 = 89,subtraction_error
44 + 29 = 74,addition_error
36 + 39 = 72,subtraction_error
67 + 82 = 148,subtraction_error
91 + 86 = 182,addition_error
17 + 61 = 78,correct
2 + 15 = 9,subtraction_error
36 + 61 = 87,subtraction_error
29 + 20 = 56,addition_error
10 + 92 = 110,addition_error
29 + 57 = 94,addition_error
93 + 43 = 145,addition_error
64 + 34 = 102,addition_error
47 + 78 = 125,correct
69 + 80 = 149,correct
84 + 7 = 91,correct
39 + 80 = 118,subtraction_error
48 + 58 = 116,addition_error
9 + 61 = 65,subtraction_error
87 + 53 = 140,correct
26 + 46 = 69,subtraction_error
30 + 4 = 35,addition_error
52 + 76 = 132,addition_error
83 + 20 = 113,addition_error
15 + 90 = 96,subtraction_error
70 + 44 = 117,addition_error
21 + 34 = 57,addition_error
15 + 66 = 87,addition_error
84 + 4 = 88,correct
15 + 90 = 111,addition_error
64 + 63 = 122,subtraction_error
94 + 53 = 147,correct
27 + 60 = 81,subtraction_error
51 + 66 = 117,correct
70 + 44 = 114,correct
73 + 37 = 105,subtraction_error
13 + 34 = 47,correct
53 + 37 = 90,correct
14 + 87 = 109,addition_error
36 + 44 = 80,correct
29 + 10 = 39,correct
65 + 26 = 97,addition_error
28 + 71 = 106,addition_error
85 + 45 = 130,correct
15 + 99 = 110,subtraction_error
6 + 2 = -2,subtraction_error
25 + 81 = 105,subtraction_error
53 + 75 = 123,subtraction_error
9 + 4 = 3,subtraction_error
42 + 16 = 56,subtraction_error
40 + 63 = 93,subtraction_error
64 + 55 = 129,addition_error
16 + 35 = 51,correct
93 + 40 = 128,subtraction_error
3 + 87 = 89,subtraction_error
42 + 38 = 80,correct
12 + 43 = 55,correct
17 + 70 = 78,subtraction_error
13 + 46 = 65,addition_error
85 + 26 = 115,addition_error
68 + 57 = 131,addition_error
59 + 44 = 111,addition_error
46 + 1 = 47,correct
88 + 1 = 84,subtraction_error
46 + 26 = 72,correct
95 + 70 = 165,correct
68 + 11 = 71,subtraction_error
90 + 91 = 181,correct
77 + 25 = 93,subtraction_error
91 + 30 = 123,addition_error
4 + 39 = 49,addition_error
55 + 68 = 113,subtraction_error
68 + 49 = 110,subtraction_error
21 + 53 = 76,addition_error
51 + 51 = 107,addition_error
86 + 81 = 172,addition_error
18 + 79 = 100,addition_error
40 + 60 = 100,correct
59 + 89 = 148,correct
46 + 15 = 67,addition_error
37 + 25 = 62,correct
16 + 2 = 18,correct
42 + 48 = 90,correct
47 + 24 = 71,correct
7 + 65 = 79,addition_error
67 + 4 = 65,subtraction_error
89 + 9 = 90,subtraction_error
89 + 97 = 180,subtraction_error
26 + 76 = 94,subtraction_error
37 + 4 = 50,addition_error
4 + 98 = 92,subtraction_error
62 + 51 = 113,correct
96 + 37 = 139,addition_error
70 + 79 = 149,correct
37 + 2 = 46,addition_error
53 + 17 = 73,addition_error
19 + 7 = 27,addition_error
84 + 52 = 134,subtraction_error
15 + 98 = 107,subtraction_error
17 + 22 = 32,subtraction_error
81 + 67 = 154,addition_error
85 + 57 = 142,correct
37 + 98 = 138,addition_error
53 + 8 = 61,correct
26 + 45 = 70,subtraction_error
5 + 43 = 57,addition_error
30 + 83 = 113,correct
22 + 17 = 44,addition_error
43 + 35 = 74,subtraction_error
14 + 86 = 106,addition_error
73 + 5 = 78,correct
76 + 56 = 141,addition_error
90 + 13 = 103,correct
18 + 96 = 107,subtraction_error
87 + 70 = 153,subtraction_error
73 + 9 = 82,correct
56 + 21 = 80,addition_error
41 + 94 = 133,subtraction_error
73 + 74 = 147,correct
17 + 82 = 94,subtraction_error
49 + 20 = 70,addition_error
63 + 12 = 73,subtraction_error
11 + 61 = 71,subtraction_error
1 + 68 = 64,subtraction_error
71 + 81 = 152,correct
75 + 80 = 155,correct
21 + 88 = 108,subtraction_error
49 + 15 = 64,correct
65 + 26 = 91,correct
43 + 64 = 105,subtraction_error
55 + 4 = 57,subtraction_error
78 + 8 = 86,correct
19 + 97 = 111,subtraction_error
74 + 69 = 150,addition_error
36 + 47 = 80,subtraction_error
27 + 60 = 95,addition_error
40 + 60 = 100,correct
38 + 92 = 121,subtraction_error
16 + 93 = 112,addition_error
22 + 52 = 72,subtraction_error
71 + 13 = 74,subtraction_error
82 + 91 = 175,addition_error
15 + 26 = 46,addition_error
99 + 82 = 171,subtraction_error
76 + 83 = 158,subtraction_error
74 + 26 = 92,subtraction_error
85 + 94 = 184,addition_error
70 + 79 = 150,addition_error
68 + 83 = 159,addition_error
93 + 60 = 153,correct
48 + 96 = 139,subtraction_error
17 + 76 = 92,subtraction_error
28 + 7 = 37,addition_error
59 + 69 = 136,addition_error
62 + 65 = 118,subtraction_error
36 + 61 = 103,addition_error
66 + 68 = 136,addition_error
38 + 93 = 131,correct
46 + 45 = 86,subtraction_error
25 + 10 = 42,addition_error
87 + 53 = 147,addition_error
83 + 46 = 120,subtraction_error
95 + 44 = 135,subtraction_error
69 + 23 = 96,addition_error
95 + 24 = 119,correct
29 + 54 = 82,subtraction_error
10 + 94 = 113,addition_error
59 + 20 = 79,correct
44 + 53 = 107,addition_error
83 + 14 = 101,addition_error
42 + 9 = 45,subtraction_error
98 + 70 = 168,correct
22 + 9 = 30,subtraction_error
75 + 68 = 143,correct
42 + 9 = 51,correct
27 + 60 = 87,correct
61 + 49 = 118,addition_error
34 + 40 = 79,addition_error
59 + 19 = 72,subtraction_error
20 + 84 = 104,correct
48 + 96 = 144,correct
90 + 13 = 105,addition_error
3 + 41 = 34,subtraction_error
49 + 15 = 62,subtraction_error
54 + 26 = 80,correct
39 + 95 = 137,addition_error
34 + 95 = 129,correct
34 + 30 = 60,subtraction_error
60 + 49 = 114,addition_error
76 + 78 = 154,correct
41 + 52 = 85,subtraction_error
71 + 67 = 130,subtraction_error
48 + 3 = 60,addition_error
6 + 86 = 85,subtraction_error
55 + 4 = 49,subtraction_error
20 + 39 = 59,correct
33 + 88 = 115,subtraction_error
15 + 80 = 101,addition_error
69 + 37 = 103,subtraction_error
89 + 97 = 188,addition_error
76 + 87 = 165,addition_error
43 + 94 = 137,correct
38 + 74 = 113,addition_error
69 + 80 = 151,addition_error
94 + 20 = 123,addition_error
12 + 5 = 26,addition_error
61 + 60 = 121,correct
90 + 25 = 107,subtraction_error
73 + 74 = 143,subtraction_error
78 + 67 = 153,addition_error
12 + 80 = 93,addition_error
98 + 25 = 126,addition_error
21 + 66 = 95,addition_error
54 + 22 = 72,subtraction_error
88 + 6 = 84,subtraction_error
17 + 32 = 46,subtraction_error
66 + 28 = 102,addition_error
79 + 57 = 135,subtraction_error
4 + 4 = 8,correct
42 + 81 = 127,addition_error
24 + 21 = 45,correct
16 + 34 = 50,correct
89 + 55 = 144,correct
13 + 13 = 26,correct
60 + 54 = 121,addition_error
86 + 40 = 126,correct
17 + 32 = 54,addition_error
90 + 11 = 102,addition_error
60 + 89 = 159,addition_error
6 + 33 = 49,addition_error
98 + 28 = 126,correct
61 + 79 = 142,addition_error
71 + 73 = 144,correct
74 + 15 = 99,addition_error
65 + 73 = 137,subtraction_error
71 + 67 = 138,correct
62 + 40 = 95,subtraction_error
94 + 52 = 146,correct
91 + 62 = 153,correct
66 + 46 = 112,correct
9 + 67 = 73,subtraction_error
88 + 3 = 99,addition_error
48 + 63 = 105,subtraction_error
36 + 39 = 75,correct
28 + 7 = 30,subtraction_error
89 + 34 = 123,correct
34 + 25 = 59,correct
72 + 95 = 167,correct
62 + 13 = 85,addition_error
13 + 61 = 78,addition_error
8 + 74 = 82,correct
2 + 86 = 97,addition_error
18 + 74 = 83,subtraction_error
66 + 28 = 94,correct
67 + 25 = 85,subtraction_error
5 + 56 = 65,addition_error
63 + 44 = 107,correct
63 + 12 = 76,addition_error
3 + 76 = 80,addition_error
84 + 7 = 87,subtraction_error
26 + 17 = 34,subtraction_error
7 + 72 = 79,correct
80 + 55 = 135,correct
71 + 73 = 150,addition_error
46 + 82 = 124,subtraction_error
66 + 83 = 150,addition_error
65 + 73 = 138,correct
89 + 96 = 185,correct
23 + 75 = 96,subtraction_error
43 + 14 = 66,addition_error
94 + 37 = 136,addition_error
46 + 15 = 51,subtraction_error
50 + 15 = 55,subtraction_error
19 + 97 = 116,correct
57 + 23 = 80,correct
45 + 75 = 113,subtraction_error
54 + 26 = 86,addition_error
34 + 64 = 98,correct
51 + 98 = 149,correct
61 + 30 = 91,correct
69 + 56 = 116,subtraction_error
78 + 47 = 125,correct
6 + 8 = 14,correct
66 + 99 = 161,subtraction_error
64 + 34 = 98,correct
1 + 49 = 44,subtraction_error
64 + 86 = 150,correct
11 + 32 = 43,correct
71 + 81 = 148,subtraction_error
30 + 84 = 114,correct
93 + 65 = 168,addition_error
26 + 45 = 78,addition_error
41 + 72 = 105,subtraction_error
76 + 64 = 140,correct
48 + 99 = 147,correct
48 + 47 = 95,correct
9 + 4 = 13,correct
69 + 10 = 79,correct
21 + 57 = 83,addition_error
12 + 35 = 44,subtraction_error
49 + 98 = 138,subtraction_error
73 + 58 = 131,correct
55 + 26 = 88,addition_error
7 + 60 = 70,addition_error
84 + 2 = 86,correct
92 + 77 = 169,correct
14 + 81 = 87,subtraction_error
60 + 14 = 66,subtraction_error
99 + 82 = 187,addition_error
1 + 97 = 91,subtraction_error
64 + 34 = 94,subtraction_error
14 + 41 = 65,addition_error
68 + 96 = 173,addition_error
94 + 44 = 128,subtraction_error
3 + 41 = 44,correct
2 + 31 = 24,subtraction_error
26 + 10 = 45,addition_error
16 + 41 = 57,correct
91 + 2 = 103,addition_error
21 + 53 = 74,correct
84 + 17 = 101,correct
57 + 22 = 70,subtraction_error
52 + 8 = 57,subtraction_error
71 + 89 = 160,correct
84 + 52 = 139,addition_error
52 + 21 = 65,subtraction_error
26 + 70 = 96,correct
82 + 6 = 88,correct
96 + 63 = 165,addition_error
28 + 7 = 35,correct
60 + 52 = 120,addition_error
97 + 25 = 122,correct
15 + 57 = 72,correct
88 + 75 = 163,correct
30 + 58 = 88,correct
18 + 14 = 23,subtraction_error
30 + 10 = 45,addition_error
41 + 75 = 116,correct
3 + 93 = 94,subtraction_error
15 + 54 = 76,addition_error
44 + 1 = 45,correct
52 + 76 = 124,subtraction_error
93 + 49 = 148,addition_error
55 + 22 = 80,addition_error
91 + 27 = 118,correct
95 + 49 = 144,correct
17 + 22 = 41,addition_error
94 + 94 = 195,addition_error
6 + 64 = 60,subtraction_error
4 + 18 = 13,subtraction_error
22 + 49 = 71,correct
74 + 26 = 100,correct
36 + 47 = 84,addition_error
98 + 97 = 202,addition_error
30 + 68 = 98,correct
72 + 5 = 77,correct
80 + 61 = 141,correct
13 + 78 = 83,subtraction_error
64 + 52 = 119,addition_error
14 + 61 = 75,correct
96 + 7 = 103,correct
96 + 37 = 123,subtraction_error
13 + 93 = 97,subtraction_error
98 + 58 = 157,addition_error
45 + 55 = 100,correct
14 + 39 = 60,addition_error
91 + 16 = 107,correct
64 + 74 = 130,subtraction_error
34 + 35 = 73,addition_error
42 + 69 = 106,subtraction_error
53 + 37 = 84,subtraction_error
40 + 7 = 49,addition_error
7 + 44 = 51,correct
46 + 80 = 124,subtraction_error
9 + 54 = 59,subtraction_error
47 + 89 = 146,addition_error
12 + 69 = 81,correct
56 + 80 = 136,correct
57 + 41 = 91,subtraction_error
80 + 23 = 108,addition_error
35 + 95 = 127,subtraction_error
47 + 83 = 139,addition_error
70 + 72 = 142,correct
55 + 22 = 77,correct
59 + 19 = 82,addition_error
23 + 60 = 83,correct
50 + 33 = 87,addition_error
51 + 48 = 99,correct
6 + 86 = 92,correct
3 + 16 = 19,correct
96 + 3 = 93,subtraction_error
87 + 70 = 157,correct
27 + 58 = 86,addition_error
29 + 78 = 107,correct
27 + 48 = 71,subtraction_error
21 + 65 = 89,addition_error
72 + 69 = 151,addition_error
10 + 51 = 51,subtraction_error
28 + 50 = 77,subtraction_error
86 + 36 = 121,subtraction_error
47 + 78 = 133,addition_error
13 + 18 = 31,correct
59 + 34 = 87,subtraction_error
72 + 95 = 174,addition_error
13 + 66 = 70,subtraction_error
10 + 28 = 28,subtraction_error
8 + 94 = 92,subtraction_error
33 + 8 = 39,subtraction_error
26 + 10 = 35,subtraction_error
10 + 44 = 45,subtraction_error
36 + 62 = 98,correct
80 + 29 = 115,addition_error
40 + 46 = 85,subtraction_error
39 + 36 = 85,addition_error
17 + 71 = 88,correct
82 + 16 = 101,addition_error
66 + 99 = 165,correct
94 + 67 = 161,correct
95 + 12 = 107,correct
86 + 34 = 112,subtraction_error
76 + 64 = 135,subtraction_error
4 + 18 = 30,addition_error
59 + 52 = 115,addition_error
65 + 55 = 120,correct
72 + 69 = 141,correct
32 + 38 = 70,correct
76 + 93 = 169,correct
46 + 68 = 114,correct
69 + 33 = 93,subtraction_error
95 + 13 = 102,subtraction_error
18 + 33 = 51,correct
60 + 8 = 60,subtraction_error
10 + 28 = 38,correct
41 + 94 = 135,correct
9 + 67 = 76,correct
8 + 74 = 80,subtraction_error
40 + 46 = 86,correct
43 + 64 = 116,addition_error
21 + 53 = 74,correct
8 + 60 = 66,subtraction_error
36 + 39 = 71,subtraction_error
75 + 80 = 159,addition_error
12 + 92 = 101,subtraction_error
46 + 1 = 49,addition_error
7 + 12 = 19,correct
2 + 35 = 40,addition_error
58 + 30 = 88,correct
48 + 57 = 105,correct
41 + 81 = 123,addition_error
70 + 79 = 149,correct
37 + 46 = 81,subtraction_error
7 + 44 = 61,addition_error
53 + 37 = 90,correct
46 + 26 = 63,subtraction_error
68 + 86 = 162,addition_error
40 + 55 = 97,addition_error
45 + 73 = 118,correct
28 + 38 = 60,subtraction_error
51 + 53 = 95,subtraction_error
18 + 14 = 23,subtraction_error
39 + 88 = 127,correct
7 + 89 = 103,addition_error
10 + 94 = 104,correct
72 + 3 = 68,subtraction_error
11 + 12 = 23,correct
94 + 51 = 139,subtraction_error
25 + 93 = 126,addition_error
15 + 2 = 25,addition_error
34 + 35 = 66,subtraction_error
81 + 71 = 146,subtraction_error
95 + 72 = 176,addition_error
63 + 5 = 69,addition_error
83 + 46 = 135,addition_error
34 + 7 = 49,addition_error
51 + 53 = 112,addition_error
59 + 72 = 128,subtraction_error
5 + 43 = 48,correct
58 + 59 = 121,addition_error
16 + 19 = 35,correct
71 + 67 = 135,subtraction_error
18 + 53 = 69,subtraction_error
91 + 37 = 130,addition_error
62 + 60 = 132,addition_error
89 + 86 = 165,subtraction_error
59 + 44 = 93,subtraction_error
40 + 63 = 106,addition_error
55 + 6 = 68,addition_error
12 + 26 = 31,subtraction_error
8 + 8 = 16,correct
65 + 73 = 143,addition_error
95 + 24 = 129,addition_error
53 + 17 = 70,correct
78 + 17 = 94,subtraction_error
19 + 5 = 34,addition_error
93 + 20 = 103,subtraction_error
28 + 95 = 130,addition_error
23 + 5 = 19,subtraction_error
46 + 26 = 78,addition_error
5 + 31 = 34,subtraction_error
38 + 17 = 49,subtraction_error
92 + 93 = 193,addition_error
86 + 66 = 152,correct
78 + 47 = 116,subtraction_error
21 + 69 = 90,correct
43 + 14 = 57,correct
73 + 9 = 87,addition_error
74 + 53 = 123,subtraction_error
18 + 5 = 29,addition_error
16 + 16 = 32,correct
41 + 79 = 120,correct
38 + 92 = 130,correct
98 + 29 = 136,addition_error
66 + 39 = 101,subtraction_error
37 + 40 = 77,correct
69 + 11 = 80,correct
12 + 97 = 116,addition_error
14 + 31 = 47,addition_error
82 + 94 = 174,subtraction_error
48 + 96 = 147,addition_error
94 + 78 = 172,correct
69 + 33 = 111,addition_error
3 + 87 = 92,addition_error
7 + 44 = 55,addition_error
73 + 74 = 148,addition_error
2 + 15 = 16,subtraction_error
41 + 17 = 59,addition_error
88 + 40 = 123,subtraction_error
61 + 78 = 146,addition_error
70 + 90 = 159,subtraction_error
23 + 66 = 89,correct
55 + 2 = 52,subtraction_error
57 + 23 = 74,subtraction_error
45 + 59 = 104,correct
17 + 91 = 108,correct
3 + 16 = 13,subtraction_error
40 + 61 = 91,subtraction_error
10 + 39 = 49,correct
11 + 93 = 104,correct
11 + 32 = 50,addition_error
38 + 59 = 97,correct
23 + 32 = 50,subtraction_error
94 + 67 = 164,addition_error
26 + 55 = 77,subtraction_error
19 + 5 = 24,correct
17 + 34 = 42,subtraction_error
61 + 17 = 78,correct
27 + 50 = 71,subtraction_error
66 + 46 = 122,addition_error
64 + 34 = 98,correct
24 + 21 = 48,addition_error
63 + 13 = 72,subtraction_error
4 + 95 = 99,correct
16 + 83 = 103,addition_error
42 + 48 = 98,addition_error
30 + 83 = 113,correct
57 + 4 = 59,subtraction_error
54 + 28 = 78,subtraction_error
83 + 22 = 102,subtraction_error
67 + 95 = 157,subtraction_error
6 + 45 = 61,addition_error
82 + 16 = 98,correct
31 + 17 = 48,correct
63 + 6 = 59,subtraction_error
65 + 8 = 71,subtraction_error
33 + 8 = 49,addition_error
87 + 38 = 131,addition_error
98 + 29 = 127,correct
86 + 68 = 154,correct
82 + 85 = 168,addition_error
88 + 66 = 160,addition_error
89 + 11 = 95,subtraction_error
7 + 74 = 83,addition_error
71 + 7 = 78,correct
98 + 97 = 191,subtraction_error
45 + 7 = 45,subtraction_error
60 + 8 = 62,subtraction_error
57 + 35 = 92,correct
55 + 4 = 59,correct
26 + 55 = 81,correct
57 + 35 = 86,subtraction_error
29 + 7 = 36,correct
84 + 12 = 101,addition_error
30 + 75 = 112,addition_error
69 + 33 = 106,addition_error
14 + 76 = 89,subtraction_error
41 + 34 = 75,correct
71 + 4 = 80,addition_error
75 + 68 = 153,addition_error
33 + 73 = 101,subtraction_error
5 + 31 = 36,correct
20 + 84 = 110,addition_error
42 + 9 = 56,addition_error
90 + 13 = 96,subtraction_error
54 + 22 = 84,addition_error
90 + 38 = 128,correct
46 + 38 = 77,subtraction_error
15 + 57 = 70,subtraction_error
40 + 81 = 131,addition_error
67 + 35 = 108,addition_error
59 + 63 = 122,correct
8 + 77 = 81,subtraction_error
46 + 80 = 126,correct
63 + 70 = 143,addition_error
94 + 78 = 181,addition_error
42 + 86 = 128,correct
86 + 58 = 134,subtraction_error
96 + 37 = 133,correct
6 + 33 = 34,subtraction_error
30 + 83 = 107,subtraction_error
89 + 61 = 141,subtraction_error
66 + 89 = 164,addition_error
63 + 81 = 150,addition_error
41 + 75 = 116,correct
16 + 19 = 41,addition_error
84 + 4 = 82,subtraction_error
57 + 35 = 98,addition_error
45 + 93 = 146,addition_error
90 + 43 = 141,addition_error
44 + 59 = 103,correct
36 + 62 = 91,subtraction_error
49 + 4 = 53,correct
9 + 7 = 19,addition_error
24 + 67 = 89,subtraction_error
53 + 69 = 122,correct
70 + 3 = 73,correct
51 + 83 = 134,correct
91 + 95 = 180,subtraction_error
4 + 98 = 102,correct
88 + 1 = 97,addition_error
41 + 34 = 71,subtraction_error
86 + 40 = 131,addition_error
75 + 86 = 164,addition_error
43 + 96 = 145,addition_error
21 + 18 = 41,addition_error
63 + 87 = 150,correct
20 + 84 = 101,subtraction_error
98 + 2 = 100,correct
54 + 71 = 115,subtraction_error
65 + 98 = 163,correct
51 + 81 = 132,correct
69 + 92 = 170,addition_error
76 + 19 = 91,subtraction_error
54 + 26 = 72,subtraction_error
32 + 58 = 87,subtraction_error
12 + 97 = 109,correct
35 + 3 = 38,correct
47 + 26 = 80,addition_error
13 + 66 = 84,addition_error
89 + 61 = 150,correct
7 + 96 = 99,subtraction_error
53 + 80 = 127,subtraction_error
13 + 34 = 57,addition_error
2 + 5 = -2,subtraction_error
3 + 28 = 27,subtraction_error
16 + 48 = 57,subtraction_error
84 + 35 = 119,correct
24 + 67 = 101,addition_error
98 + 12 = 110,correct
47 + 37 = 84,correct
57 + 41 = 98,correct
63 + 52 = 108,subtraction_error
81 + 67 = 145,subtraction_error
30 + 42 = 67,subtraction_error
9 + 7 = 16,correct
91 + 16 = 101,subtraction_error
51 + 98 = 142,subtraction_error
95 + 44 = 139,correct
51 + 51 = 102,correct
41 + 37 = 78,correct
92 + 93 = 185,correct
25 + 10 = 35,correct
69 + 9 = 78,correct
61 + 30 = 100,addition_error
26 + 64 = 90,correct
70 + 99 = 164,subtraction_error
18 + 23 = 41,correct
85 + 57 = 145,addition_error
95 + 10 = 114,addition_error
2 + 86 = 78,subtraction_error
38 + 66 = 109,addition_error
59 + 33 = 92,correct
48 + 2 = 42,subtraction_error
89 + 32 = 119,subtraction_error
40 + 7 = 47,correct
35 + 62 = 98,addition_error
65 + 38 = 113,addition_error
7 + 33 = 40,correct
79 + 64 = 136,subtraction_error
58 + 48 = 106,correct
89 + 86 = 176,addition_error
3 + 41 = 54,addition_error
5 + 31 = 36,correct
17 + 61 = 85,addition_error
32 + 84 = 116,correct
9 + 26 = 35,correct
9 + 7 = 10,subtraction_error
92 + 77 = 161,subtraction_error
67 + 82 = 149,correct
21 + 43 = 70,addition_error
50 + 18 = 75,addition_error
66 + 31 = 101,addition_error
71 + 28 = 106,addition_error
87 + 64 = 161,addition_error
65 + 80 = 154,addition_error
40 + 11 = 52,addition_error
13 + 70 = 91,addition_error
57 + 22 = 79,correct
67 + 15 = 82,correct
76 + 56 = 127,subtraction_error
80 + 29 = 108,subtraction_error
63 + 70 = 123,subtraction_error
73 + 5 = 84,addition_error
82 + 6 = 93,addition_error
87 + 2 = 89,correct
3 + 64 = 76,addition_error
98 + 28 = 124,subtraction_error
12 + 24 = 36,correct
48 + 47 = 88,subtraction_error
30 + 72 = 102,correct
31 + 98 = 135,addition_error
60 + 66 = 122,subtraction_error
49 + 87 = 143,addition_error
34 + 64 = 91,subtraction_error
18 + 95 = 103,subtraction_error
38 + 95 = 133,correct
69 + 33 = 102,correct
99 + 67 = 160,subtraction_error
81 + 31 = 112,correct
17 + 76 = 96,addition_error
96 + 51 = 152,addition_error
35 + 62 = 97,correct
1 + 96 = 99,addition_error
61 + 30 = 100,addition_error
41 + 81 = 118,subtraction_error
65 + 98 = 173,addition_error
43 + 27 = 66,subtraction_error
21 + 53 = 79,addition_error
84 + 17 = 100,subtraction_error
99 + 67 = 166,correct
88 + 66 = 146,subtraction_error
36 + 39 = 75,correct
93 + 54 = 143,subtraction_error
64 + 79 = 143,correct
21 + 93 = 114,correct
41 + 16 = 59,addition_error
52 + 76 = 128,correct
30 + 75 = 105,correct
88 + 66 = 154,correct
9 + 26 = 39,addition_error
72 + 3 = 80,addition_error
95 + 24 = 117,subtraction_error
69 + 18 = 87,correct
87 + 38 = 125,correct
46 + 79 = 133,addition_error
5 + 30 = 41,addition_error
75 + 68 = 139,subtraction_error
80 + 55 = 142,addition_error
80 + 92 = 162,subtraction_error
89 + 9 = 101,addition_error
50 + 54 = 99,subtraction_error
89 + 96 = 189,addition_error
30 + 42 = 78,addition_error
84 + 6 = 90,correct
29 + 18 = 53,addition_error
58 + 5 = 63,correct
40 + 55 = 95,correct
86 + 44 = 133,addition_error
48 + 58 = 105,subtraction_error
48 + 47 = 96,addition_error
16 + 37 = 50,subtraction_error
42 + 48 = 83,subtraction_error
61 + 30 = 91,correct
71 + 91 = 162,correct
18 + 41 = 57,subtraction_error
51 + 54 = 96,subtraction_error
13 + 30 = 36,subtraction_error
30 + 83 = 118,addition_error
87 + 2 = 82,subtraction_error
14 + 86 = 97,subtraction_error
12 + 71 = 84,addition_error
63 + 81 = 144,correct
14 + 17 = 31,correct
51 + 12 = 59,subtraction_error
22 + 49 = 65,subtraction_error
62 + 58 = 120,correct
30 + 83 = 107,subtraction_error
25 + 10 = 35,correct
98 + 25 = 123,correct
71 + 67 = 147,addition_error
7 + 65 = 72,correct
84 + 2 = 89,addition_error
49 + 91 = 140,correct
29 + 78 = 117,addition_error
9 + 8 = 17,correct
42 + 89 = 124,subtraction_error
29 + 6 = 44,addition_error
2 + 31 = 42,addition_error
43 + 51 = 101,addition_error
33 + 17 = 51,addition_error
16 + 41 = 61,addition_error
14 + 39 = 53,correct
4 + 73 = 77,correct
58 + 59 = 113,subtraction_error
93 + 43 = 130,subtraction_error
63 + 87 = 154,addition_error
47 + 24 = 78,addition_error
63 + 70 = 133,correct
6 + 33 = 39,correct
98 + 12 = 112,addition_error
52 + 21 = 73,correct
74 + 97 = 172,addition_error
38 + 74 = 102,subtraction_error
28 + 50 = 78,correct
5 + 63 = 77,addition_error
17 + 34 = 59,addition_error
21 + 18 = 37,subtraction_error
88 + 40 = 133,addition_error
7 + 89 = 86,subtraction_error
84 + 6 = 89,subtraction_error
28 + 69 = 93,subtraction_error
62 + 65 = 127,correct
48 + 2 = 60,addition_error
34 + 30 = 71,addition_error
37 + 61 = 101,addition_error
54 + 35 = 89,correct
34 + 22 = 56,correct
99 + 33 = 131,subtraction_error
62 + 86 = 152,addition_error
61 + 71 = 132,correct
13 + 61 = 67,subtraction_error
36 + 44 = 88,addition_error
64 + 46 = 115,addition_error
31 + 77 = 107,subtraction_error
6 + 86 = 98,addition_error
25 + 62 = 77,subtraction_error
54 + 68 = 122,correct
48 + 51 = 106,addition_error
51 + 48 = 98,subtraction_error
6 + 25 = 40,addition_error
24 + 21 = 35,subtraction_error
67 + 65 = 132,correct
56 + 80 = 138,addition_error
51 + 42 = 90,subtraction_error
64 + 79 = 144,addition_error
79 + 38 = 110,subtraction_error
29 + 8 = 45,addition_error
22 + 52 = 75,addition_error
86 + 30 = 125,addition_error
56 + 26 = 85,addition_error
35 + 3 = 44,addition_error
95 + 72 = 164,subtraction_error
38 + 66 = 99,subtraction_error
34 + 30 = 59,subtraction_error
98 + 70 = 170,addition_error
74 + 98 = 174,addition_error
71 + 7 = 71,subtraction_error
43 + 36 = 75,subtraction_error
98 + 58 = 154,subtraction_error
43 + 36 = 80,addition_error
67 + 15 = 86,addition_error
51 + 21 = 73,addition_error
12 + 5 = 7,subtraction_error
16 + 35 = 49,subtraction_error
50 + 18 = 62,subtraction_error
14 + 87 = 101,correct
7 + 44 = 43,subtraction_error
93 + 20 = 118,addition_error
7 + 72 = 88,addition_error
1 + 79 = 72,subtraction_error
86 + 63 = 155,addition_error
45 + 45 = 87,subtraction_error
52 + 47 = 100,addition_error
54 + 94 = 146,subtraction_error
44 + 59 = 99,subtraction_error
44 + 53 = 91,subtraction_error
74 + 53 = 127,correct
80 + 42 = 123,addition_error
3 + 41 = 46,addition_error
1 + 68 = 69,correct
63 + 6 = 72,addition_error
55 + 32 = 92,addition_error
13 + 2 = 15,correct
69 + 56 = 125,correct
47 + 83 = 129,subtraction_error
56 + 57 = 120,addition_error
4 + 2 = 6,correct
8 + 56 = 57,subtraction_error
63 + 12 = 75,correct
83 + 20 = 113,addition_error
18 + 14 = 32,correct
63 + 6 = 69,correct
22 + 9 = 31,correct
65 + 8 = 75,addition_error
23 + 88 = 111,correct
76 + 56 = 132,correct
15 + 62 = 87,addition_error
70 + 44 = 111,subtraction_error
21 + 65 = 81,subtraction_error
90 + 83 = 181,addition_error
87 + 36 = 126,addition_error
48 + 2 = 50,correct
79 + 30 = 109,correct
69 + 49 = 118,correct
93 + 43 = 136,correct
50 + 3 = 60,addition_error
31 + 54 = 85,correct
64 + 63 = 127,correct
90 + 18 = 99,subtraction_error
91 + 30 = 121,correct
20 + 27 = 57,addition_error
37 + 2 = 39,correct
69 + 25 = 94,correct
29 + 57 = 86,correct
39 + 95 = 134,correct
45 + 15 = 60,correct
18 + 14 = 32,correct
48 + 29 = 77,correct
71 + 67 = 138,correct
78 + 36 = 115,addition_error
62 + 13 = 65,subtraction_error
33 + 94 = 125,subtraction_error
52 + 45 = 107,addition_error
7 + 96 = 105,addition_error
88 + 64 = 152,correct
27 + 17 = 53,addition_error
41 + 21 = 54,subtraction_error
64 + 86 = 153,addition_error
72 + 3 = 75,correct
23 + 69 = 100,addition_error
39 + 83 = 115,subtraction_error
50 + 43 = 93,correct
69 + 54 = 126,addition_error
84 + 35 = 110,subtraction_error
86 + 7 = 98,addition_error
41 + 45 = 95,addition_error
21 + 66 = 86,subtraction_error
65 + 10 = 69,subtraction_error
48 + 99 = 144,subtraction_error
56 + 29 = 89,addition_error
94 + 4 = 102,addition_error
72 + 82 = 152,subtraction_error
70 + 90 = 169,addition_error
42 + 52 = 94,correct
74 + 30 = 104,correct
48 + 50 = 98,correct
6 + 64 = 73,addition_error
4 + 97 = 103,addition_error
10 + 44 = 62,addition_error
19 + 94 = 110,subtraction_error
10 + 39 = 41,subtraction_error
45 + 83 = 137,addition_error
91 + 90 = 176,subtraction_error
65 + 73 = 143,addition_error
34 + 38 = 65,subtraction_error
14 + 76 = 98,addition_error
94 + 59 = 153,correct
78 + 17 = 95,correct
87 + 64 = 151,correct
31 + 86 = 113,subtraction_error
11 + 20 = 28,subtraction_error
56 + 26 = 81,subtraction_error
53 + 68 = 121,correct
50 + 43 = 91,subtraction_error
29 + 75 = 106,addition_error
97 + 53 = 150,correct
69 + 75 = 144,correct
93 + 49 = 142,correct
54 + 71 = 135,addition_error
89 + 30 = 119,correct
42 + 9 = 50,subtraction_error
83 + 14 = 93,subtraction_error
29 + 30 = 55,subtraction_error
41 + 79 = 114,subtraction_error
86 + 68 = 160,addition_error
67 + 75 = 137,subtraction_error
14 + 41 = 55,correct
43 + 51 = 90,subtraction_error
74 + 40 = 108,subtraction_error
31 + 17 = 52,addition_error
49 + 3 = 52,correct
94 + 89 = 186,addition_error
19 + 32 = 51,correct
15 + 66 = 81,correct
8 + 94 = 102,correct
66 + 31 = 93,subtraction_error
48 + 2 = 50,correct
19 + 5 = 14,subtraction_error
78 + 49 = 133,addition_error
18 + 33 = 57,addition_error
80 + 92 = 172,correct
61 + 55 = 116,correct
97 + 53 = 153,addition_error
10 + 92 = 100,subtraction_error
96 + 7 = 93,subtraction_error
8 + 74 = 82,correct
60 + 14 = 81,addition_error
13 + 93 = 106,correct
78 + 49 = 127,correct
52 + 8 = 70,addition_error
7 + 68 = 73,subtraction_error
7 + 40 = 39,subtraction_error
60 + 54 = 115,addition_error
67 + 65 = 128,subtraction_error
79 + 40 = 121,addition_error
34 + 30 = 64,correct
63 + 97 = 165,addition_error
38 + 45 = 77,subtraction_error
45 + 22 = 67,correct
45 + 55 = 109,addition_error
25 + 10 = 35,correct
37 + 40 = 79,addition_error
61 + 47 = 108,correct
53 + 2 = 64,addition_error
92 + 86 = 178,correct
3 + 56 = 59,correct
9 + 61 = 80,addition_error
46 + 82 = 131,addition_error
22 + 49 = 79,addition_error
45 + 96 = 141,correct
48 + 84 = 132,correct
14 + 76 = 90,correct
14 + 81 = 95,correct
74 + 89 = 166,addition_error
3 + 24 = 22,subtraction_error
50 + 52 = 102,correct
91 + 48 = 139,correct
71 + 81 = 162,addition_error
42 + 52 = 87,subtraction_error
64 + 46 = 109,subtraction_error
69 + 27 = 104,addition_error
61 + 60 = 112,subtraction_error
69 + 95 = 164,correct
23 + 66 = 81,subtraction_error
63 + 44 = 117,addition_error
56 + 27 = 86,addition_error
45 + 83 = 128,correct
51 + 38 = 89,correct
54 + 28 = 82,correct
74 + 98 = 172,correct
51 + 55 = 106,correct
91 + 35 = 135,addition_error
36 + 70 = 106,correct
91 + 48 = 146,addition_error
95 + 12 = 105,subtraction_error
60 + 8 = 68,correct
22 + 79 = 108,addition_error
74 + 53 = 135,addition_error
35 + 72 = 107,correct
49 + 78 = 119,subtraction_error
85 + 75 = 163,addition_error
5 + 56 = 56,subtraction_error
23 + 32 = 60,addition_error
64 + 2 = 68,addition_error
10 + 57 = 68,addition_error
45 + 55 = 97,subtraction_error
46 + 1 = 39,subtraction_error
17 + 22 = 39,correct
62 + 51 = 105,subtraction_error
25 + 44 = 67,subtraction_error
82 + 72 = 149,subtraction_error
44 + 68 = 116,addition_error
74 + 26 = 107,addition_error
38 + 92 = 135,addition_error
45 + 73 = 121,addition_error
44 + 84 = 135,addition_error
21 + 53 = 78,addition_error
81 + 73 = 149,subtraction_error
30 + 49 = 74,subtraction_error
4 + 73 = 87,addition_error
89 + 72 = 163,addition_error
19 + 7 = 21,subtraction_error
76 + 5 = 79,subtraction_error
78 + 52 = 130,correct
32 + 19 = 53,addition_error
13 + 70 = 76,subtraction_error
64 + 39 = 110,addition_error
63 + 87 = 145,subtraction_error
94 + 49 = 139,subtraction_error
66 + 68 = 134,correct
12 + 92 = 114,addition_error
24 + 94 = 118,correct
9 + 58 = 68,addition_error
